"DAY SHEETS, as at 9:37AM on Friday 12th"
DAY 1: Friday 6th March 2026
Race,Time,Event #,Event Type,Round,Division,lane_1,lane_2,lane_3,lane_4,lane_5,lane_6,lane_7,lane_8,lane_9,Progression
1 (A),08:00,1,B U17 1X,heat,1,ONEW 1,WLCO 1,CAMB 1,WHAK 1,WNHS 1,TAUH 1,HLCR 1,SJHM 1,,"1..3=S + 3 Next Fastest; 9 Next Fastest =FC"
2 (B),08:04,1,B U17 1X,heat,2,STPC 1,KGCA 1,CULI 1,SPTW 1,NAPB 1,STLN 1,ROTL 1,SHAK 1,BTHC 1,"1..3=S + 3 Next Fastest; 9 Next Fastest =FC"
3 (C),08:08,1,B U17 1X,heat,3,TEAW 1,TAKA 1,PUKE 1,WNCS 1,NPLB 1,PARN 1,STKT 1,MACL 1,ONSL 2,"1..3=S + 3 Next Fastest; 9 Next Fastest =FC"
4 (D),08:12,1,B U17 1X,heat,4,TUAK 1,GLDW 1,SCOT 1,WNHS 2,HAUR 1,ONSL 1,HOWI 1,OTUM 1,MTMA 1,"1..3=S + 3 Next Fastest; 9 Next Fastest =FC"
5 (E),08:16,1,B U17 1X,heat,5,PUKE 2,SPLH 1,AQUI 1,WENT 1,MTAL 1,FRAN 1,TAUP 1,HAMB 1,STPA 1,"1..3=S + 3 Next Fastest; 9 Next Fastest =FC"
6 (F),08:20,2,G U17 4+,heat,1,,SHGH 1,HAMG 1,STKT 1,EGGS 1,DIOC 1,BARA 2,QMAR 1,,"1..2=FA + 3 Next Fastest; 9 Next Fastest =FB"
7 (G),08:24,2,G U17 4+,heat,2,,STPC 1,CAMB 1,DIOC 2,WNCS 1,WKDS 1,WEGC 1,GLDW 1,,"1..2=FA + 3 Next Fastest; 9 Next Fastest =FB"
8 (H),08:28,2,G U17 4+,heat,3,,STKT 2,WNCS 2,WKDS 2,BARA 1,WLGC 1,WTLG 1,,,"1..2=FA + 3 Next Fastest; 9 Next Fastest =FB"
9 (I),08:33,3,B U15 2X,heat,1,NGAR 1,WLCO 1,MACL 1,TAKA 1,SPLH 1,TRGB 1,AOTE 1,WNCS 1,,"1..2=FA + 3 Next Fastest; 9 Next Fastest =FB"
10 (J),08:38,3,B U15 2X,heat,2,SPTW 1,CAMB 1,CULI 1,HAUR 2,ONSL 1,HOWI 1,BTHC 1,TEAW 1,,"1..2=FA + 3 Next Fastest; 9 Next Fastest =FB"
11 (K),08:43,3,B U15 2X,heat,3,,STPC 1,STKT 1,GLDW 1,HAUR 1,STPA 1,HUAN 1,HAMB 1,,"1..2=FA + 3 Next Fastest; 9 Next Fastest =FB"
12 (L),08:48,4,G U15 4X+,heat,1,WLGC 1,TRGG 2,MACL 1,KGCA 1,HAMG 1,STMW 1,TEAW 1,DIOC 3,GLDW 1,"1..3=S + 3 Next Fastest; 9 Next Fastest =FC"
13 (M),08:53,4,G U15 4X+,heat,2,IONA 1,DIOC 2,TAKA 3,STKT 1,STPC 1,KGCA 2,WENT 1,WKDS 1,WLGC 2,"1..3=S + 3 Next Fastest; 9 Next Fastest =FC"
14 (N),08:58,4,G U15 4X+,heat,3,HUAN 1,STPC 2,CAMB 1,TRGG 1,DIOC 1,MTAL 1,WNCS 2,WTLG 1,,"1..3=S + 3 Next Fastest; 9 Next Fastest =FC"
15 (O),09:03,4,G U15 4X+,heat,4,STPC 3,HAMG 2,SHGH 1,WNHS 1,TAKA 1,WNCS 1,WTLG 2,WOOD 1,,"1..3=S + 3 Next Fastest; 9 Next Fastest =FC"
16 (P),09:08,4,G U15 4X+,heat,5,,WNCS 3,QMAR 1,TAKA 2,WHGG 1,STKT 2,OTUM 1,CULI 1,,"1..3=S + 3 Next Fastest; 9 Next Fastest =FC"
17 (Q),09:12,5,B U18 2-,heat,1,,WLCO 1,ONSL 1,AGSB 1,WTLB 1,SJHM 1,HAMB 1,AGSB 3,,"1..3=FA + 3 Next Fastest; Rest =FB"
18 (R),09:16,5,B U18 2-,heat,2,,HASB 1,,SJHM 2,KGCA 1,AGSB 2,MTAL 1,AOTE 1,,"1..3=FA + 3 Next Fastest; Rest =FB"
19 (S),09:20,6,G U18 2X,heat,1,STMW 1,IONA 1,ONSL 1,HLCR 1,STCU 1,PUKE 1,EGGS 1,TRDL 1,,"1..2=S + 6 Next Fastest; 9 Next Fastest=FC"
20 (T),09:24,6,G U18 2X,heat,2,STPC 2,SHGH 1,HOWI 1,GLDW 1,SPLH 1,WENT 1,WLGC 2,MTAL 2,,"1..2=S + 6 Next Fastest; 9 Next Fastest=FC"
21 (U),09:28,6,G U18 2X,heat,3,SCOT 1,,OTUM 1,STLN 1,QMAR 1,GGHS 1,DIOC 1,SHGN 2,,"1..2=S + 6 Next Fastest; 9 Next Fastest=FC"
22 (V),09:32,6,G U18 2X,heat,4,HUAN 1,SHGN 1,SAMU 1,STPC 1,HAMG 1,MTAL 1,TAUP 1,ONSL 2,,"1..2=S + 6 Next Fastest; 9 Next Fastest=FC"
23 (W),09:36,6,G U18 2X,heat,5,,WNHS 1,CAMB 1,STCA 1,HAUR 1,WHGG 1,ROTL 1,NGAR 1,,"1..2=S + 6 Next Fastest; 9 Next Fastest=FC"
24 (X),09:40,6,G U18 2X,heat,6,,WHAK 1,WLGC 1,KGCA 1,STKT 1,GLDW 2,TAKA 1,TEAW 1,,"1..2=S + 6 Next Fastest; 9 Next Fastest=FC"
25 (Y),09:44,7,B U16 4X+,heat,1,,MTAL 2,HAUR 1,WNCS 2,SPLH 2,STKT 2,STPA 2,SPTW 1,,"1..2=FA + 1 Next Fastest; 9 Next Fastest =FB; 9 Next Fastest =FC"
26 (Z),09:48,7,B U16 4X+,heat,2,,WTLB 2,TRGB 1,STKT 3,WNCS 1,KGCA 1,AGSB 2,GLDW 1,,"1..2=FA + 1 Next Fastest; 9 Next Fastest =FB; 9 Next Fastest =FC"
27 (A),09:52,7,B U16 4X+,heat,3,,KGCA 3,AGSB 1,MTAL 1,STKT 1,SPLH 1,WTLB 1,WLCO 1,,"1..2=FA + 1 Next Fastest; 9 Next Fastest =FB; 9 Next Fastest =FC"
28 (B),09:56,7,B U16 4X+,heat,4,,STKT 4,KGCA 2,STPA 1,SHAK 1,STPC 1,HAMB 1,GBHS 1,,"1..2=FA + 1 Next Fastest; 9 Next Fastest =FB; 9 Next Fastest =FC"
29 (C),10:00,8,G U16 1X,heat,1,KGCA 1,SCOT 1,GGHS 1,CAMB 1,WNGC 1,HOWI 1,STIL 2,GLDW 1,ONSL 1,"1..2=FA + 1 Next Fastest; 9 Next Fastest =FB; 9 Next Fastest =FC"
30 (D),10:04,8,G U16 1X,heat,2,ROTO 1,WEGC 1,STIL 1,SAMU 1,HAMG 1,MTAL 1,DIOC 1,HUAN 1,WNHS 1,"1..2=FA + 1 Next Fastest; 9 Next Fastest =FB; 9 Next Fastest =FC"
31 (E),10:08,8,G U16 1X,heat,3,JPCR 1,AOTE 1,WLGC 1,TRGG 1,STMW 1,DIOC 2,POMP 1,TAKA 1,HAUR 1,"1..2=FA + 1 Next Fastest; 9 Next Fastest =FB; 9 Next Fastest =FC"
32 (F),10:12,8,G U16 1X,heat,4,BARA 1,WENT 1,TAUH 1,TAUP 1,WHGG 1,BTHC 1,GGHS 2,SHGN 1,MACL 1,"1..2=FA + 1 Next Fastest; 9 Next Fastest =FB; 9 Next Fastest =FC"
33 (G),10:17,9,B N18 2X,heat,1,WNHS 2,ACGT 1,HOWI 1,FRAN 1,SPLH 1,GLDW 1,AGSB 1,MACL 1,TEAW 1,"1..2=FA + 1 Next Fastest; 9 Next Fastest =FB; 9 Next Fastest =FC"
34 (H),10:22,9,B N18 2X,heat,2,STPA 1,SPLH 2,BTHC 1,HAUR 1,WHAK 1,WNHS 1,AOTE 1,ROTO 1,TAKA 2,"1..2=FA + 1 Next Fastest; 9 Next Fastest =FB; 9 Next Fastest =FC"
35 (I),10:27,9,B N18 2X,heat,3,LIND 1,HUAN 1,PAPA 1,WLCO 1,WHGB 1,SCOT 1,FRAN 2,ONSL 1,,"1..2=FA + 1 Next Fastest; 9 Next Fastest =FB; 9 Next Fastest =FC"
36 (J),10:32,9,B N18 2X,heat,4,TAKA 1,TRGB 1,SPTW 1,ROTB 1,HASB 1,CAMB 1,STPC 1,BTHC 2,,"1..2=FA + 1 Next Fastest; 9 Next Fastest =FB; 9 Next Fastest =FC"
37 (K),10:37,10,G N18 8+,heat,1,,STCU 2,CARM 1,SHGH 1,EGGS 1,DIOC 2,WKDS 1,,,"1..3=FA + 3 Next Fastest; Rest =FB"
38 (L),10:42,10,G N18 8+,heat,2,,EGGS 2,WKDS 2,DIOC 1,STCU 1,STPC 1,MTAL 1,,,"1..3=FA + 3 Next Fastest; Rest =FB"
39 (M),10:46,11,B U17 8+,heat,1,,STKT 2,HAMB 1,AGSB 1,STPA 1,KGCA 1,WTLB 1,STKT 1,,"All=F"
40 (N),10:50,12,G U17 4X+,heat,1,HUAN 1,WHGG 1,STKT 1,SPLH 1,WTLG 1,TAKA 1,,WNHS 2,,"1..2=FA + 1 Next Fastest; 9 Next Fastest =FB; 9 Next Fastest =FC"
41 (O),10:54,12,G U17 4X+,heat,2,GGHS 1,TAKA 2,WNHS 1,DIOC 1,MTAL 1,ACGT 1,QMAR 1,GLDW 1,,"1..2=FA + 1 Next Fastest; 9 Next Fastest =FB; 9 Next Fastest =FC"
42 (P),10:58,12,G U17 4X+,heat,3,STCU 1,TAUP 1,EGGS 1,WEGC 1,HAMG 1,CAMB 2,HOWI 1,ONSL 1,,"1..2=FA + 1 Next Fastest; 9 Next Fastest =FB; 9 Next Fastest =FC"
43 (Q),11:02,12,G U17 4X+,heat,4,KGCA 1,STKT 2,ROTG 1,CAMB 1,HAUR 1,WNCS 1,PUKE 1,CULI 1,,"1..2=FA + 1 Next Fastest; 9 Next Fastest =FB; 9 Next Fastest =FC"
44 (R),11:07,13,B U15 8X+,heat,1,,WNCS 1,STPA 1,KGCA 1,AGSB 1,HAMB 1,TRGB 1,,,"1..3=F + 3 Next Fastest"
45 (S),11:12,13,B U15 8X+,heat,2,,,SPLH 1,AGSB 2,STKT 1,STPC 1,STPA 2,,,"1..3=F + 3 Next Fastest"
46 (T),11:17,14,G U15 4+,heat,1,WENT 1,STPC 2,WKDS 1,SAMU 1,BARA 1,BARA 2,WLGC 1,PUKE 1,,"1..2=FA + 3 Next Fastest; 9 Next Fastest =FB"
47 (U),11:22,14,G U15 4+,heat,2,,SAMU 2,BARA 4,HAMG 1,STPC 1,EGGS 1,WTLG 2,WLGC 2,,"1..2=FA + 3 Next Fastest; 9 Next Fastest =FB"
48 (V),11:27,14,G U15 4+,heat,3,,EGGS 2,QMAR 1,BARA 3,KGCA 1,WTLG 1,STMW 1,TRGG 1,,"1..2=FA + 3 Next Fastest; 9 Next Fastest =FB"
49 (W),11:31,15,B U18 4X+,heat,1,,,WNHS 1,STPA 1,SHAK 1,WNCS 1,KGCA 1,SJHM 1,,"1..2=FA + 1 Next Fastest; 9 Next Fastest"
50 (X),11:35,15,B U18 4X+,heat,2,,ONSL 1,KGCA 2,STPC 1,SPLH 1,MTAL 1,TEAW 1,AOTE 1,,"1..2=FA + 1 Next Fastest; 9 Next Fastest"
51 (Y),11:39,15,B U18 4X+,heat,3,,LIND 1,STPC 2,SPLH 2,HAUR 1,TRGB 2,GLDW 1,AGSB 1,,"1..2=FA + 1 Next Fastest; 9 Next Fastest"
52 (Z),11:43,15,B U18 4X+,heat,4,,AGSB 2,NAPB 1,TAKA 1,TRGB 1,GBHS 1,,WLCO 1,,"1..2=FA + 1 Next Fastest; 9 Next Fastest"
53 (A),11:47,16,G U18 2-,heat,1,PUKE 1,STMW 1,STKT 1,SAMU 1,EGGS 1,SHGH 1,WKDS 2,ONSL 1,,"1..3=FA + 3 Next Fastest; Rest =FB"
54 (B),11:51,16,G U18 2-,heat,2,WKDS 1,DIOC 1,WLGC 1,WTLG 1,WNCS 1,,EGGS 2,STPC 1,,"1..3=FA + 3 Next Fastest; Rest =FB"
55 (C),11:55,17,B U16 4+,heat,1,WTLB 3,MTAL 1,WLCO 2,HAMB 2,KGCA 1,STKT 1,AGSB 3,STPA 2,WHAK 1,"1..2=FA + 3 Next Fastest; 9 Next Fastest =FB"
56 (D),11:59,17,B U16 4+,heat,2,STPC 1,WTLB 1,WNCS 2,AGSB 1,HAMB 1,STKT 2,WLCO 1,KGCA 2,WTLB 4,"1..2=FA + 3 Next Fastest; 9 Next Fastest =FB"
57 (E),12:03,17,B U16 4+,heat,3,AGSB 4,WLCO 3,STKT 3,STPA 1,WNCS 1,AGSB 2,TRGB 1,WTLB 2,GBHS 1,"1..2=FA + 3 Next Fastest; 9 Next Fastest =FB"
58 (F),12:07,18,G U16 8+,heat,1,,STCU 1,EGGS 1,QMAR 1,BARA 1,WKDS 2,WTLG 1,,,"1..3=FA + 3 Next Fastest; Rest =FB"
59 (G),12:11,18,G U16 8+,heat,2,,OTUM 1,SHGH 1,WKDS 1,DIOC 1,STPC 1,STKT 1,,,"1..3=FA + 3 Next Fastest; Rest =FB"
60 (H),12:16,19,B N18 8+,heat,1,MTAL 1,HAMB 2,TRGB 1,SHAK 1,HAMB 1,KGCA 1,SJHM 1,AGSB 1,SPTW 1,"All=F"
61 (I),12:21,20,G N18 2X,heat,1,WENT 1,ROTG 1,WLGC 1,NAPG 1,SHGH 1,CAMB 1,TAKA 1,BTHC 2,QMAR 2,"1..2=FA + 1 Next Fastest; 9 Next Fastest =FB; 9 Next Fastest =FC"
62 (J),12:26,20,G N18 2X,heat,2,QMAR 1,HOWI 1,MTMA 1,NPLG 2,MACL 1,HUAN 1,IONA 1,NAPG 2,,"1..2=FA + 1 Next Fastest; 9 Next Fastest =FB; 9 Next Fastest =FC"
63 (K),12:31,20,G N18 2X,heat,3,GGHS 1,MACL 2,TAUP 1,ROTL 1,NPLG 1,WEGC 1,WOOD 1,CULI 1,WNGC 2,"1..2=FA + 1 Next Fastest; 9 Next Fastest =FB; 9 Next Fastest =FC"
64 (L),12:36,20,G N18 2X,heat,4,WNHS 1,WEGC 2,MTAL 1,WHGG 1,WNGC 1,TRDL 1,KGCA 1,GLDW 1,STMW 1,"1..2=FA + 1 Next Fastest; 9 Next Fastest =FB; 9 Next Fastest =FC"
65 (M),12:40,21,B U17 2X,heat,1,WHGB 1,GBHS 2,STKT 2,FRAN 1,WNHS 1,NAPB 1,BTHC 1,OTUM 1,,"1..3=S + 3 Next Fastest; 9 Next Fastest =FC"
66 (N),12:44,21,B U17 2X,heat,2,KGCA 1,MTAL 1,TAKA 1,SCOT 1,WNCS 1,WHAK 1,SPLH 1,ONSL 1,NGAR 1,"1..3=S + 3 Next Fastest; 9 Next Fastest =FC"
67 (O),12:48,21,B U17 2X,heat,3,ROTB 1,HOWI 1,ONSL 2,SPLH 2,TAUP 1,WLCO 1,TEAW 1,MTMA 1,ROTO 1,"1..3=S + 3 Next Fastest; 9 Next Fastest =FC"
68 (P),12:52,21,B U17 2X,heat,4,ROTL 1,STPA 1,SHAK 1,SPTW 1,GLDW 1,TRGB 2,TAKA 2,CAMB 1,HASB 1,"1..3=S + 3 Next Fastest; 9 Next Fastest =FC"
69 (Q),12:56,21,B U17 2X,heat,5,STKT 1,STPC 1,TAUH 1,TRGB 1,GBHS 1,AQUI 1,HAMB 1,ONEW 1,TUAK 1,"1..3=S + 3 Next Fastest; 9 Next Fastest =FC"
70 (R),13:00,22,G U17 1X,heat,1,MTAL 1,TRGG 1,ACGT 1,HUAN 1,STCU 1,TAKA 1,ROTL 1,WNHS 2,EGGS 1,"1..3=S + 3 Next Fastest; 9 Next Fastest =FC"
71 (S),13:04,22,G U17 1X,heat,2,WEGC 1,CULI 1,WLGC 1,HAUR 2,CAMB 1,SAMU 1,WNHS 1,SHGN 1,WKDS 1,"1..3=S + 3 Next Fastest; 9 Next Fastest =FC"
72 (T),13:08,22,G U17 1X,heat,3,POMP 1,TEKC 1,KGCA 1,WENT 1,ROTG 1,STCA 1,WHAK 1,WTLG 1,HOWI 1,"1..3=S + 3 Next Fastest; 9 Next Fastest =FC"
73 (U),13:12,22,G U17 1X,heat,4,GGHS 1,PUKE 1,HAMG 1,AQUI 1,QMAR 1,TEAW 1,SPLH 1,WHGG 1,NGAR 1,"1..3=S + 3 Next Fastest; 9 Next Fastest =FC"
74 (V),13:16,22,G U17 1X,heat,5,AOTE 1,STMW 1,GGHS 2,STOR 1,HAUR 1,ACGT 2,TAUH 1,OTUM 1,,"1..3=S + 3 Next Fastest; 9 Next Fastest =FC"
75 (W),13:21,23,G U15 8X+,heat,1,,TRGG 1,STPC 1,WNCS 1,TAKA 1,DIOC 1,QMAR 1,,,"1..3=FA + 3 Next Fastest; Rest =FB"
76 (X),13:26,23,G U15 8X+,heat,2,,DIOC 2,WLGC 1,STCU 1,STKT 1,WKDS 1,WTLG 1,,,"1..3=FA + 3 Next Fastest; Rest =FB"
77 (Y),13:31,24,B U15 8+,heat,1,WLCO 1,WTLB 2,AGSB 1,MTAL 1,KGCA 1,WTLB 1,HAMB 1,KGCA 2,,"All=F"
78 (Z),13:35,25,B U18 4+,heat,1,,AGSB 2,NAPB 1,STKT 1,WTLB 1,HAMB 1,SJHM 1,GBHS 1,,"1..3=FA + 3 Next Fastest; Rest =FB"
79 (A),13:39,25,B U18 4+,heat,2,,HASB 1,HAMB 2,AGSB 1,KGCA 1,WTLB 2,MTAL 1,AGSB 3,,"1..3=FA + 3 Next Fastest; Rest =FB"
80 (B),13:43,26,G U18 4+,heat,1,,WTLG 2,SHGH 1,WKDS 1,WNCS 1,BARA 1,WLGC 1,,,"1..3=FA + 3 Next Fastest; Rest =FB"
81 (C),13:47,26,G U18 4+,heat,2,,PUKE 1,WKDS 2,WNCS 2,EGGS 1,WTLG 1,BARA 2,,,"1..3=FA + 3 Next Fastest; Rest =FB"
82 (D),13:51,27,G U16 4X+,heat,1,STCU 1,HAMG 2,WKDS 1,ROTG 1,QMAR 1,TAKA 1,JPCR 1,BARA 2,STMW 1,"1..3=S + 3 Next Fastest; 9 Next Fastest =FC"
83 (E),13:55,27,G U16 4X+,heat,2,PUKE 1,WEGC 1,SAMU 1,SPLH 1,HAMG 1,DIOC 2,CAMB 1,WLGC 2,,"1..3=S + 3 Next Fastest; 9 Next Fastest =FC"
84 (F),13:59,27,G U16 4X+,heat,3,HOWI 1,CAMB 2,TRGG 1,WHGG 1,WNHS 1,OTUM 1,STKT 1,WTLG 2,,"1..3=S + 3 Next Fastest; 9 Next Fastest =FC"
85 (G),14:03,27,G U16 4X+,heat,4,TAKA 2,WLGC 1,STKT 2,OTUM 2,DIOC 1,BARA 1,KGCA 2,ONSL 1,,"1..3=S + 3 Next Fastest; 9 Next Fastest =FC"
86 (H),14:07,27,G U16 4X+,heat,5,GGHS 1,WTLG 1,KGCA 1,WNHS 2,STPC 1,QMAR 2,TAUP 1,TAKA 3,,"1..3=S + 3 Next Fastest; 9 Next Fastest =FC"
87 (I),14:11,28,B U16 2X,heat,1,PAPA 1,STPA 1,STKT 1,WHAK 1,MTAL 1,SJHM 1,TAUP 1,ROTO 1,NGAR 1,"1..2=FA + 1 Next Fastest; 9 Next Fastest =FB; 9 Next Fastest =FC"
88 (J),14:15,28,B U16 2X,heat,2,HASB 1,SPLH 2,HAUR 1,TRGB 1,MACL 1,CULI 1,STPC 1,LIND 1,STLN 1,"1..2=FA + 1 Next Fastest; 9 Next Fastest =FB; 9 Next Fastest =FC"
89 (K),14:19,28,B U16 2X,heat,3,NAPB 1,WNCS 1,TAKA 1,SCOT 1,SHAK 1,AQUI 1,SPTW 1,KGCA 1,PUKE 1,"1..2=FA + 1 Next Fastest; 9 Next Fastest =FB; 9 Next Fastest =FC"
90 (L),14:23,28,B U16 2X,heat,4,STIL 1,WHGB 1,WHAK 2,CAMB 1,SPLH 1,ONSL 1,HAMB 1,GBHS 1,WLCO 1,"1..2=FA + 1 Next Fastest; 9 Next Fastest =FB; 9 Next Fastest =FC"
91 (M),14:27,29,G U18 1X,heat,1,IONA 1,EGGS 1,KGCA 2,GLDW 1,HAMG 1,CAMB 1,ONSL 1,WLGC 1,NGAR 2,"1..3=S + 3 Next Fastest; 9 Next Fastest =FC"
92 (N),14:31,29,G U18 1X,heat,2,TEKC 1,CAMB 2,MTAL 1,HUAN 1,HAUR 1,NGAR 1,STKT 1,ROTG 1,EGGS 3,"1..3=S + 3 Next Fastest; 9 Next Fastest =FC"
93 (O),14:35,29,G U18 1X,heat,3,EGGS 2,STMW 1,IONA 2,TAUP 1,KGCA 1,STLN 1,HOWI 1,PUKC 1,WHAK 1,"1..3=S + 3 Next Fastest; 9 Next Fastest =FC"
94 (P),14:39,29,G U18 1X,heat,4,QMAR 2,WNHS 1,STPC 1,WKDS 1,WTLG 1,STKT 2,OTUM 1,,STCA 1,"1..3=S + 3 Next Fastest; 9 Next Fastest =FC"
95 (Q),14:43,29,G U18 1X,heat,5,WLGC 2,WNGC 1,WENT 1,WEGC 1,GGHS 1,QMAR 1,SAMU 1,SHGN 1,,"1..3=S + 3 Next Fastest; 9 Next Fastest =FC"
96 (R),14:47,30,B U18 1X,heat,1,,TAKA 1,WNCS 1,GBHS 1,MTAL 1,SPLH 2,NAPB 1,WNHS 1,WLCO 2,"1..2=S + 6 Next Fastest; 9 Next Fastest=FC"
97 (S),14:51,30,B U18 1X,heat,2,WNHS 2,WLCO 1,FRAN 1,STPC 1,TRGB 1,WENT 1,AQUI 2,TAUH 1,ONSL 3,"1..2=S + 6 Next Fastest; 9 Next Fastest=FC"
98 (T),14:55,30,B U18 1X,heat,3,JPCR 1,SJHM 2,CAMB 2,HASB 1,SPLH 1,NPLB 1,WNCS 2,,NGAR 2,"1..2=S + 6 Next Fastest; 9 Next Fastest=FC"
99 (U),14:59,30,B U18 1X,heat,4,LIND 2,AQUI 1,NGAR 1,HLCR 1,HAMB 1,LIND 1,SPTW 1,SJHM 1,WNHS 3,"1..2=S + 6 Next Fastest; 9 Next Fastest=FC"
100 (V),15:03,30,B U18 1X,heat,5,AOTE 2,FRAN 2,TAUP 2,STPA 1,HAUR 1,SHAK 1,ONSL 1,STKT 1,TAKA 2,"1..2=S + 6 Next Fastest; 9 Next Fastest=FC"
101 (W),15:07,30,B U18 1X,heat,6,ONSL 2,GLDW 1,TEAW 1,OTUM 1,,AOTE 1,TRGB 2,TAUP 1,NAPB 2,"1..2=S + 6 Next Fastest; 9 Next Fastest=FC"
102 (X),15:12,31,G U15 2X,heat,1,SAMU 1,WEGC 1,STKT 2,MTAL 1,HAMG 1,STMW 1,MACL 1,,STIL 1,"1..2=FA + 3 Next Fastest; 9 Next Fastest =FB"
103 (Y),15:17,31,G U15 2X,heat,2,KGCA 1,ROTL 1,STPC 1,MACL 2,TAKA 1,STKT 1,WHGG 1,BTHC 1,HAMG 2,"1..2=FA + 3 Next Fastest; 9 Next Fastest =FB"
104 (Z),15:22,31,G U15 2X,heat,3,HUAN 1,WNHS 1,QMAR 1,TAKA 2,TRGG 1,WNGC 1,PUKE 1,,,"1..2=FA + 3 Next Fastest; 9 Next Fastest =FB"
105 (A),15:27,32,B U15 4X+,heat,1,WNCS 1,CAMB 1,AGSB 2,SCOT 1,HAUR 1,STKT 2,STPA 1,HAMB 2,WTLB 1,"1..2=FA + 1 Next Fastest; 9 Next Fastest =FB; 9 Next Fastest =FC"
106 (B),15:32,32,B U15 4X+,heat,2,KGCA 2,TAKA 1,STPA 2,STKT 1,MTAL 1,AGSB 3,SPLH 2,STPC 2,WLCO 1,"1..2=FA + 1 Next Fastest; 9 Next Fastest =FB; 9 Next Fastest =FC"
107 (C),15:37,32,B U15 4X+,heat,3,MTAL 2,KGCA 3,MACL 1,TRGB 1,AGSB 1,ONSL 1,STPC 1,SPLH 3,STPA 3,"1..2=FA + 1 Next Fastest; 9 Next Fastest =FB; 9 Next Fastest =FC"
108 (D),15:42,32,B U15 4X+,heat,4,STPC 3,TRGB 2,STKT 3,SPLH 1,GLDW 1,KGCA 1,,WNCS 2,WTLB 2,"1..2=FA + 1 Next Fastest; 9 Next Fastest =FB; 9 Next Fastest =FC"
109 (E),15:46,33,G U17 8+,heat,1,,STCU 1,STPC 1,DIOC 1,BARA 1,STKT 1,WLGC 1,QMAR 1,,"All=F"
110 (F),15:50,34,B U17 4+,heat,1,,,WTLB 2,STKT 1,KGCA 1,HAMB 2,GBHS 1,ROTO 1,,"1..3=FA + 3 Next Fastest; Rest =FB"
111 (G),15:54,34,B U17 4+,heat,2,,WHAK 1,STKT 3,STPA 1,AGSB 1,STKT 2,WLCO 1,PUKE 1,,"1..3=FA + 3 Next Fastest; Rest =FB"
112 (H),15:59,35,G N18 4X+,heat,1,STCU 1,PUKE 1,GLDW 1,CARM 1,SHGH 1,HOWI 1,HUAN 1,WLGC 2,DIOC 3,"1..3=S + 3 Next Fastest; 9 Next Fastest =FC"
113 (I),16:04,35,G N18 4X+,heat,2,NAPG 1,QMAR 1,SHGH 3,STPC 1,WNHS 1,HAMG 1,CARM 2,DIOC 1,TAUP 1,"1..3=S + 3 Next Fastest; 9 Next Fastest =FC"
114 (J),16:09,35,G N18 4X+,heat,3,WENT 1,MTAL 2,WNCS 1,CAMB 1,WLGC 1,TRGG 1,EGGS 1,STPC 3,,"1..3=S + 3 Next Fastest; 9 Next Fastest =FC"
115 (K),16:14,35,G N18 4X+,heat,4,WNCS 2,HLCR 1,OTUM 1,BTHC 1,NPLG 1,TEAW 1,WLGC 3,WOOD 1,,"1..3=S + 3 Next Fastest; 9 Next Fastest =FC"
116 (L),16:19,35,G N18 4X+,heat,5,DIOC 2,STPC 2,,SHGH 2,IONA 1,MTAL 1,TAKA 1,CULI 1,,"1..3=S + 3 Next Fastest; 9 Next Fastest =FC"
117 (M),16:24,36,B N18 4+,heat,1,,LIND 1,TRGB 2,AGSB 1,PAPA 1,TEAW 1,GLDW 1,SHAK 1,,"1..2=FA + 3 Next Fastest; 9 Next Fastest =FB"
118 (N),16:29,36,B N18 4+,heat,2,,WLCO 2,WTLB 1,TRGB 1,SJHM 1,SPTW 1,MTAL 1,,,"1..2=FA + 3 Next Fastest; 9 Next Fastest =FB"
119 (O),16:34,36,B N18 4+,heat,3,,FRAN 1,STPC 1,KGCA 1,HAMB 1,WLCO 1,WNHS 1,,,"1..2=FA + 3 Next Fastest; 9 Next Fastest =FB"
120 (P),16:38,37,G U16 4+,heat,1,WLGC 1,WNHS 1,DIOC 3,SHGH 1,QMAR 1,SPLH 1,PUKE 1,STKT 1,ONSL 1,"1..2=FA + 3 Next Fastest; 9 Next Fastest =FB"
121 (Q),16:42,37,G U16 4+,heat,2,STPC 1,TRGG 1,EGGS 2,DIOC 2,WKDS 1,WTLG 1,CAMB 1,HAMG 1,WHGG 1,"1..2=FA + 3 Next Fastest; 9 Next Fastest =FB"
122 (R),16:46,37,G U16 4+,heat,3,GGHS 1,BARA 1,WKDS 2,SAMU 1,DIOC 1,EGGS 1,OTUM 1,CAMB 2,WEGC 1,"1..2=FA + 3 Next Fastest; 9 Next Fastest =FB"
123 (S),16:50,38,B U16 8+,heat,1,,WTLB 1,STPA 2,HAMB 1,KGCA 1,STKT 1,AGSB 2,,,"1..3=FA + 3 Next Fastest; Rest =FB"
124 (T),16:54,38,B U16 8+,heat,2,,HAMB 2,MTAL 1,AGSB 1,STPA 1,WLCO 1,KGCA 2,,,"1..3=FA + 3 Next Fastest; Rest =FB"
125 (U),16:58,39,G U17 2-,heat,1,ACGT 1,BARA 1,SAMU 2,STKT 1,WTLG 1,EGGS 2,STPC 1,QMAR 1,AOTE 1,"1..3=FA + 3 Next Fastest; Rest =FB"
126 (V),17:02,39,G U17 2-,heat,2,PUKE 1,WOOD 1,STPC 2,MTAL 1,SAMU 1,STKT 2,GGHS 1,WKDS 1,WLGC 1,"1..3=FA + 3 Next Fastest; Rest =FB"
127 (W),17:06,40,B U17 2-,heat,1,SHAK 1,STKT 2,MTAL 1,TRGB 1,GBHS 1,WLCO 1,KGCA 1,TAUH 1,TAUP 1,"1..3=FA + 3 Next Fastest; Rest =FB"
128 (X),17:10,40,B U17 2-,heat,2,GLDW 1,OTUM 1,AGSB 1,HAMB 1,WTLB 1,KGCA 2,GBHS 2,,TRGB 2,"1..3=FA + 3 Next Fastest; Rest =FB"
129 (Y),17:14,41,G U18 4X+,heat,1,,SHGN 1,WTLG 1,DIOC 1,SPLH 1,KGCA 1,WHGG 1,NGAR 1,,"1..2=FA + 3 Next Fastest; 9 Next Fastest =FB"
130 (Z),17:18,41,G U18 4X+,heat,2,,EGGS 1,HAUR 1,GLDW 1,CAMB 1,MTAL 1,STCU 1,,,"1..2=FA + 3 Next Fastest; 9 Next Fastest =FB"
131 (A),17:22,41,G U18 4X+,heat,3,,TAUP 1,ONSL 1,STCU 2,WNHS 1,GGHS 1,HLCR 1,,,"1..2=FA + 3 Next Fastest; 9 Next Fastest =FB"
132 (B),17:26,42,B U18 2X,heat,1,NAPB 1,JPCR 1,SJHM 1,NGAR 1,NPLB 1,FRAN 1,HAMB 1,TRGB 1,LIND 2,"1..3=S + 3 Next Fastest; 9 Next Fastest =FC"
133 (C),17:30,42,B U18 2X,heat,2,SCOT 2,KGCA 1,STPC 1,SPTW 1,SPLH 1,TRGB 2,WNCS 2,GBHS 2,GLDW 1,"1..3=S + 3 Next Fastest; 9 Next Fastest =FC"
134 (D),17:34,42,B U18 2X,heat,3,TAKA 2,WNHS 2,STPA 1,FRAN 2,HAUR 1,WNCS 1,WLCO 1,AGSB 1,,"1..3=S + 3 Next Fastest; 9 Next Fastest =FC"
135 (E),17:38,42,B U18 2X,heat,4,LIND 1,STKT 1,WENT 1,SPLH 2,HLCR 1,HAUR 2,ONSL 1,TEAW 1,,"1..3=S + 3 Next Fastest; 9 Next Fastest =FC"
136 (F),17:42,42,B U18 2X,heat,5,MTAL 1,AOTE 1,TAUP 1,GBHS 1,SHAK 1,WNHS 1,KGCA 2,,,"1..3=S + 3 Next Fastest; 9 Next Fastest =FC"

DAY 2: Saturday 7th March 2026
Race,Time,Event #,Event Type,Round,Division,lane_1,lane_2,lane_3,lane_4,lane_5,lane_6,lane_7,lane_8,lane_9,Progression
137 (A),08:30,43,G U15 8+,heat,1,,,DIOC 2,WKDS 1,STPC 1,WTLG 1,WLGC 1,,,"1..3=F + 3 Next Fastest"
138 (B),08:35,43,G U15 8+,heat,2,,,WKDS 2,BARA 1,DIOC 1,SAMU 1,QMAR 1,,,"1..3=F + 3 Next Fastest"
139 (C),08:40,44,B U15 4+,heat,1,,WLCO 1,HAUR 1,WTLB 1,KGCA 1,HAMB 2,WTLB 3,SHAK 1,,"1..3=FA + 3 Next Fastest; Rest =FB"
140 (D),08:45,44,B U15 4+,heat,2,,WTLB 2,KGCA 2,HAMB 1,SJHM 1,WLCO 2,WTLB 4,,,"1..3=FA + 3 Next Fastest; Rest =FB"
141 (E),08:49,45,G U17 2X,heat,1,ONSL 1,TAUP 1,HUAN 1,GGHS 1,WEGC 1,WENT 1,STCA 1,ACGT 2,MTMA 1,"1..2=FA + 1 Next Fastest; 9 Next Fastest =FB; 9 Next Fastest =FC"
142 (F),08:53,45,G U17 2X,heat,2,AOTE 1,GLDW 1,WKDS 1,ACGT 1,TAKA 1,WNCS 1,AQUI 1,CAMB 1,EGGS 1,"1..2=FA + 1 Next Fastest; 9 Next Fastest =FB; 9 Next Fastest =FC"
143 (G),08:57,45,G U17 2X,heat,3,IONA 1,MACL 1,CULI 1,MTAL 1,HAUR 1,WNHS 1,HOWI 1,SHGH 1,ONSL 2,"1..2=FA + 1 Next Fastest; 9 Next Fastest =FB; 9 Next Fastest =FC"
144 (H),09:01,45,G U17 2X,heat,4,WHGG 1,ROTL 1,ROTG 1,SPLH 1,QMAR 1,HAMG 1,WLGC 1,STKT 1,WEGC 2,"1..2=FA + 1 Next Fastest; 9 Next Fastest =FB; 9 Next Fastest =FC"
145 (I),09:05,46,B U17 4X+,heat,1,MTAL 1,WLCO 3,WNCS 2,GBHS 1,SPLH 1,STPC 1,WHAK 1,ONSL 1,,"1..2=FA + 1 Next Fastest; 9 Next Fastest =FB; 9 Next Fastest =FC"
146 (J),09:09,46,B U17 4X+,heat,2,ROTO 1,,WHAK 2,SPLH 2,WNCS 1,TAKA 1,STKT 2,HOWI 1,,"1..2=FA + 1 Next Fastest; 9 Next Fastest =FB; 9 Next Fastest =FC"
147 (K),09:13,46,B U17 4X+,heat,3,TAUH 1,STPC 2,WLCO 2,STKT 1,WNHS 1,HAMB 1,GLDW 1,WHAK 3,,"1..2=FA + 1 Next Fastest; 9 Next Fastest =FB; 9 Next Fastest =FC"
148 (L),09:17,46,B U17 4X+,heat,4,TAKA 2,ONSL 2,AQUI 1,NAPB 1,SHAK 1,WLCO 1,CULI 1,GLDW 2,,"1..2=FA + 1 Next Fastest; 9 Next Fastest =FB; 9 Next Fastest =FC"
149 (M),09:22,47,G N18 4+,heat,1,WHGG 1,STPC 1,EGGS 3,SHGH 1,WKDS 1,WOOD 1,DIOC 2,WLGC 1,,"1..2=FA + 1 Next Fastest; 9 Next Fastest =FB; 9 Next Fastest =FC"
150 (N),09:27,47,G N18 4+,heat,2,WENT 1,SHGH 2,BARA 1,EGGS 2,CARM 1,MTAL 1,QMAR 1,WEGC 1,,"1..2=FA + 1 Next Fastest; 9 Next Fastest =FB; 9 Next Fastest =FC"
151 (O),09:32,47,G N18 4+,heat,3,,HLCR 1,OTUM 1,PUKE 1,EGGS 1,WNHS 1,STPC 2,BTHC 1,,"1..2=FA + 1 Next Fastest; 9 Next Fastest =FB; 9 Next Fastest =FC"
152 (P),09:37,47,G N18 4+,heat,4,,EGGS 4,DIOC 1,HAMG 1,WTLG 1,BARA 2,CARM 2,WENT 2,,"1..2=FA + 1 Next Fastest; 9 Next Fastest =FB; 9 Next Fastest =FC"
153 (Q),09:42,48,B N18 4X+,heat,1,LIND 1,STPA 2,BTHC 1,AGSB 1,FRAN 1,STKT 1,WLCO 2,SPLH 2,WTLB 1,"1..3=S + 3 Next Fastest; 9 Next Fastest =FC"
154 (R),09:47,48,B N18 4X+,heat,2,MTAL 2,TRGB 2,CAMB 1,PAPA 1,STPC 1,SPLH 1,GLDW 1,SHAK 1,TEAW 1,"1..3=S + 3 Next Fastest; 9 Next Fastest =FC"
155 (S),09:52,48,B N18 4X+,heat,3,WNCS 1,TAKA 1,KGCA 2,STKT 3,SCOT 1,SPTW 1,STPC 3,AGSB 2,SPLH 3,"1..3=S + 3 Next Fastest; 9 Next Fastest =FC"
156 (T),09:57,48,B N18 4X+,heat,4,SPLH 4,STPA 1,STPC 2,WHGB 1,STKT 2,MACL 1,SJHM 1,NGAR 1,,"1..3=S + 3 Next Fastest; 9 Next Fastest =FC"
157 (U),10:02,48,B N18 4X+,heat,5,HUAN 1,MTAL 1,STPA 3,TRGB 1,WNHS 1,WLCO 1,ONSL 1,KGCA 1,,"1..3=S + 3 Next Fastest; 9 Next Fastest =FC"
158 (V),10:06,49,G U16 2X,heat,1,WTLG 1,GGHS 1,HAMG 1,MTAL 1,STPC 1,STMW 1,TRGG 1,HAUR 1,QMAR 1,"1..2=FA + 1 Next Fastest; 9 Next Fastest =FB; 9 Next Fastest =FC"
159 (W),10:10,49,G U16 2X,heat,2,WEGC 1,DIOC 1,SPLH 1,TAKA 1,WHGG 1,WNHS 1,BARA 1,JPCR 1,IONA 1,"1..2=FA + 1 Next Fastest; 9 Next Fastest =FB; 9 Next Fastest =FC"
160 (X),10:14,49,G U16 2X,heat,3,PUKE 1,MACL 1,ONSL 1,HOWI 1,CAMB 1,HLCR 1,CULI 1,WLGC 1,STMW 2,"1..2=FA + 1 Next Fastest; 9 Next Fastest =FB; 9 Next Fastest =FC"
161 (Y),10:18,49,G U16 2X,heat,4,SHGN 1,KGCA 1,WEGC 2,WLGC 2,BTHC 1,TAUP 1,GLDW 1,HUAN 1,ROTG 1,"1..2=FA + 1 Next Fastest; 9 Next Fastest =FB; 9 Next Fastest =FC"
162 (Z),10:22,50,B U16 1X,heat,1,WLCO 1,INGL 1,TAUH 1,TEAW 1,PARN 1,WHAK 1,SHAK 1,STKT 1,HOWI 1,"1..2=FA + 1 Next Fastest; 9 Next Fastest =FB; 9 Next Fastest =FC"
163 (A),10:26,50,B U16 1X,heat,2,AOTE 1,NGAR 1,TAKA 1,LIND 1,TAUP 1,GBHS 1,STIL 1,HASB 1,,"1..2=FA + 1 Next Fastest; 9 Next Fastest =FB; 9 Next Fastest =FC"
164 (B),10:30,50,B U16 1X,heat,3,CULI 1,WNHS 1,WHGB 1,HAUR 1,MACL 1,TRGB 1,NAPB 1,STPA 1,SCOT 1,"1..2=FA + 1 Next Fastest; 9 Next Fastest =FB; 9 Next Fastest =FC"
165 (C),10:34,50,B U16 1X,heat,4,WNCS 1,ONSL 1,SPTW 1,BTHC 1,STLN 1,CAMB 1,GLDW 1,SPLH 1,ROTO 1,"1..2=FA + 1 Next Fastest; 9 Next Fastest =FB; 9 Next Fastest =FC"
166 (D),10:38,52,B U18 8+,heat,1,,AGSB 2,STPA 1,STKT 1,HAMB 1,KGCA 2,WTLB 2,,,"1..3=F + 3 Next Fastest"
167 (E),10:42,52,B U18 8+,heat,2,,,HAMB 2,AGSB 1,KGCA 1,WTLB 1,KGCA 3,,,"1..3=F + 3 Next Fastest"
168 (F),10:46,51,G U18 8+,heat,1,WKDS 2,SHGH 1,BARA 1,EGGS 1,DIOC 1,WNCS 1,WKDS 1,BARA 2,,"All=F"
169 (G),11:11,1,B U17 1X,final,C,SCOT 1,CAMB 1,PUKE 2,PARN 1,ONSL 1,WLCO 1,HAMB 1,HLCR 1,TAUP 1,""
170 (H),11:16,1,B U17 1X,semi-final,1,WENT 1,TAUH 1,WNHS 2,NAPB 1,WNHS 1,PUKE 1,MTAL 1,WNCS 1,STKT 1,"1..4=FA + Next Fastest; Rest=FB"
171 (I),11:21,1,B U17 1X,semi-final,2,BTHC 1,SPTW 1,WHAK 1,HAUR 1,NPLB 1,FRAN 1,STLN 1,OTUM 1,AQUI 1,"1..4=FA + Next Fastest; Rest=FB"
172 (J),11:26,4,G U15 4X+,final,C,DIOC 2,CAMB 1,WLGC 2,WLGC 1,HAMG 2,WOOD 1,QMAR 1,STKT 2,WNCS 2,""
173 (K),11:31,4,G U15 4X+,semi-final,1,OTUM 1,STKT 1,KGCA 1,DIOC 1,STPC 1,WNHS 1,TAKA 2,WNCS 1,STPC 2,"1..4=FA + Next Fastest; Rest=FB"
174 (L),11:36,4,G U15 4X+,semi-final,2,GLDW 1,STMW 1,MTAL 1,WHGG 1,HAMG 1,IONA 1,TAKA 1,TRGG 1,MACL 1,"1..4=FA + Next Fastest; Rest=FB"
175 (M),11:41,6,G U18 2X,final,C,HOWI 1,GLDW 2,GGHS 1,STPC 1,WLGC 2,ONSL 1,WHGG 1,MTAL 2,OTUM 1,""
176 (N),11:46,6,G U18 2X,semi-final,1,MTAL 1,KGCA 1,DIOC 1,WENT 1,STCU 1,HAUR 1,SHGN 1,IONA 1,GLDW 1,"1..4=FA + Next Fastest; Rest=FB"
177 (O),11:51,6,G U18 2X,semi-final,2,STLN 1,STCA 1,HLCR 1,TAUP 1,QMAR 1,STKT 1,SPLH 1,HAMG 1,PUKE 1,"1..4=FA + Next Fastest; Rest=FB"
178 (P),11:56,7,B U16 4X+,final,C,GBHS 1,MTAL 2,KGCA 2,AGSB 2,KGCA 3,SPLH 2,GLDW 1,WTLB 1,WTLB 2,""
179 (Q),12:01,8,G U16 1X,final,C,GGHS 1,MACL 1,TRGG 1,WENT 1,TAKA 1,CAMB 1,STIL 1,DIOC 2,GLDW 1,""
180 (R),12:11,9,B N18 2X,final,C,HUAN 1,SPLH 2,LIND 1,ROTB 1,CAMB 1,ACGT 1,BTHC 2,SPTW 1,ONSL 1,""
181 (S),12:16,12,G U17 4X+,final,C,EGGS 1,GLDW 1,CAMB 2,CULI 1,STKT 1,HUAN 1,ROTG 1,WNHS 2,STKT 2,""
182 (T),12:26,15,B U18 4X+,final,C, - - CANCELLED - -,,,,,,,,,""
183 (U),12:36,22,G U17 1X,final,C,WKDS 1,WHGG 1,TEAW 1,SHGN 1,AOTE 1,OTUM 1,GGHS 2,TAKA 1,POMP 1,""
184 (V),12:41,20,G N18 2X,final,C,TAKA 1,MTMA 1,KGCA 1,MTAL 1,BTHC 2,MACL 2,WHGG 1,TRDL 1,WLGC 1,""
185 (W),12:46,21,B U17 2X,final,C,GBHS 2,STPC 1,TAUH 1,TEAW 1,ROTO 1,TAKA 2,CAMB 1,STPA 1,ONSL 2,""
186 (X),12:51,21,B U17 2X,semi-final,1,AQUI 1,WHAK 1,FRAN 1,TAUP 1,SPLH 1,GLDW 1,TRGB 1,SCOT 1,HOWI 1,"1..4=FA + Next Fastest; Rest=FB"
187 (Y),12:56,21,B U17 2X,semi-final,2,SPTW 1,WNHS 1,SPLH 2,GBHS 1,NAPB 1,WNCS 1,TRGB 2,WLCO 1,BTHC 1,"1..4=FA + Next Fastest; Rest=FB"
188 (Z),13:06,22,G U17 1X,semi-final,1,MTAL 1,ACGT 1,STCA 1,HAUR 1,STCU 1,HAUR 2,AQUI 1,WENT 1,WLGC 1,"1..4=FA + Next Fastest; Rest=FB"
189 (A),13:16,22,G U17 1X,semi-final,2,ACGT 2,SAMU 1,HUAN 1,ROTG 1,CAMB 1,QMAR 1,STOR 1,HAMG 1,ROTL 1,"1..4=FA + Next Fastest; Rest=FB"
190 (B),13:21,27,G U16 4X+,final,C,OTUM 2,HAMG 2,STKT 2,WKDS 1,SAMU 1,QMAR 2,WTLG 1,CAMB 1,ROTG 1,""
191 (C),13:26,27,G U16 4X+,semi-final,1,TAUP 1,DIOC 2,TAKA 1,WHGG 1,HAMG 1,DIOC 1,STPC 1,BARA 1,OTUM 1,"1..4=FA + Next Fastest; Rest=FB"
192 (D),13:31,27,G U16 4X+,semi-final,2,WEGC 1,STMW 1,WNHS 1,KGCA 1,QMAR 1,SPLH 1,WLGC 1,HOWI 1,JPCR 1,"1..4=FA + Next Fastest; Rest=FB"
193 (E),13:36,28,B U16 2X,final,C,STPA 1,HAUR 1,HAMB 1,STKT 1,CULI 1,WHGB 1,SPTW 1,SPLH 2,GBHS 1,""
194 (F),13:46,29,G U18 1X,final,C,WHAK 1,OTUM 1,ROTG 1,QMAR 2,STKT 1,KGCA 2,SHGN 1,EGGS 3,EGGS 2,""
195 (G),13:51,29,G U18 1X,semi-final,1,WENT 1,MTAL 1,IONA 1,KGCA 1,HAUR 1,STPC 1,QMAR 1,WKDS 1,ONSL 1,"1..4=FA + Next Fastest; Rest=FB"
196 (H),13:56,29,G U18 1X,semi-final,2,STKT 2,GLDW 1,STLN 1,GGHS 1,HAMG 1,HUAN 1,WTLG 1,TAUP 1,IONA 2,"1..4=FA + Next Fastest; Rest=FB"
197 (I),14:01,30,B U18 1X,final,C,TAKA 1,WNHS 3,GBHS 1,TAUP 2,TAUP 1,TEAW 1,FRAN 2,JPCR 1,NGAR 1,""
198 (J),14:06,30,B U18 1X,semi-final,1,TRGB 2,AOTE 1,SPLH 2,HAMB 1,TRGB 1,HAUR 1,NPLB 1,WNHS 1,STPC 1,"1..4=FA + Next Fastest; Rest=FB"
199 (K),14:11,30,B U18 1X,semi-final,2,WENT 1,STPA 1,WLCO 1,SPLH 1,MTAL 1,OTUM 1,HLCR 1,LIND 1,NAPB 2,"1..4=FA + Next Fastest; Rest=FB"
200 (L),14:16,32,B U15 4X+,final,C,WTLB 1,ONSL 1,STPA 3,HAMB 2,STPA 2,TAKA 1,KGCA 2,KGCA 3,STPC 3,""
201 (M),14:26,35,G N18 4X+,final,C,WLGC 1,HOWI 1,SHGH 3,QMAR 1,CULI 1,NAPG 1,IONA 1,DIOC 2,MTAL 2,""
202 (N),14:31,35,G N18 4X+,semi-final,1,STPC 2,CARM 1,WOOD 1,STPC 1,SHGH 1,WENT 1,SHGH 2,CAMB 1,HAMG 1,"1..4=FA + Next Fastest; Rest=FB"
203 (O),14:36,35,G N18 4X+,semi-final,2,BTHC 1,DIOC 1,GLDW 1,NPLG 1,WNCS 1,MTAL 1,WNHS 1,OTUM 1,TEAW 1,"1..4=FA + Next Fastest; Rest=FB"
204 (P),15:11,42,B U18 2X,final,C,JPCR 1,WLCO 1,TRGB 2,SJHM 1,HLCR 1,STPC 1,WNHS 2,AOTE 1,,""
205 (Q),15:16,42,B U18 2X,semi-final,1,WNHS 1,TRGB 1,LIND 1,SPLH 1,NPLB 1,FRAN 2,SHAK 1,WNCS 1,GBHS 1,"1..4=FA + Next Fastest; Rest=FB"
206 (R),15:21,42,B U18 2X,semi-final,2,TAUP 1,WNCS 2,FRAN 1,SPLH 2,HAUR 1,MTAL 1,SPTW 1,HAUR 2,ONSL 1,"1..4=FA + Next Fastest; Rest=FB"
207 (S),15:26,45,G U17 2X,final,C,MACL 1,CAMB 1,STKT 1,ROTL 1,HAMG 1,AOTE 1,CULI 1,WEGC 2,ROTG 1,""
208 (T),15:36,46,B U17 4X+,final,C,ROTO 1,TAKA 2,WNCS 2,HAMB 1,AQUI 1,STKT 2,STPC 2,CULI 1,,""
209 (U),15:46,47,G N18 4+,final,C,WENT 2,PUKE 1,WEGC 1,HAMG 1,SHGH 2,BTHC 1,BARA 2,HLCR 1,WLGC 1,""
210 (V),15:56,48,B N18 4X+,final,C,STPC 2,MTAL 1,LIND 1,SPLH 2,CAMB 1,TRGB 1,GLDW 1,SPTW 1,HUAN 1,""
211 (W),16:01,48,B N18 4X+,semi-final,1,WLCO 1,FRAN 1,NGAR 1,STPC 1,STKT 1,STKT 3,WNHS 1,AGSB 2,MACL 1,"1..4=FA + Next Fastest; Rest=FB"
212 (X),16:06,48,B N18 4X+,semi-final,2,BTHC 1,SPLH 1,AGSB 1,STPA 1,SCOT 1,KGCA 1,PAPA 1,STKT 2,WHGB 1,"1..4=FA + Next Fastest; Rest=FB"
213 (Y),16:11,49,G U16 2X,final,C,BTHC 1,DIOC 1,QMAR 1,SHGN 1,HLCR 1,JPCR 1,GGHS 1,HUAN 1,CULI 1,""
214 (Z),16:21,50,B U16 1X,final,C,STIL 1,SHAK 1,INGL 1,SPLH 1,SPTW 1,HASB 1,STPA 1,HAUR 1,CULI 1,""

DAY 3: Sunday 8th March 2026
Race,Time,Event #,Event Type,Round,Division,lane_1,lane_2,lane_3,lane_4,lane_5,lane_6,lane_7,lane_8,lane_9,Progression
215 (A),08:30,1,B U17 1X,final,B,AQUI 1,,STLN 1,WNHS 2,BTHC 1,STKT 1,OTUM 1,TAUH 1,,""
216 (B),08:35,1,B U17 1X,final,A,NPLB 1,SPTW 1,FRAN 1,HAUR 1,MTAL 1,NAPB 1,PUKE 1,WNHS 1,WENT 1,"medals"
217 (C),08:39,2,G U17 4+,final,B,CAMB 1,STPC 1,WTLG 1,STKT 2,,HAMG 1,BARA 2,SHGH 1,QMAR 1,""
218 (D),08:44,2,G U17 4+,final,A,DIOC 1,WKDS 2,EGGS 1,WKDS 1,STKT 1,BARA 1,WNCS 1,DIOC 2,WLGC 1,"medals"
219 (E),08:48,3,B U15 2X,final,B,HUAN 1,CAMB 1,MACL 1,SPTW 1,HOWI 1,HAUR 2,WLCO 1,STKT 1,TEAW 1,""
220 (F),08:53,3,B U15 2X,final,A,GLDW 1,HAUR 1,TRGB 1,ONSL 1,SPLH 1,HAMB 1,CULI 1,WNCS 1,TAKA 1,"medals"
221 (G),08:57,4,G U15 4X+,final,B,OTUM 1,STPC 2,WHGG 1,GLDW 1,MTAL 1,WNCS 1,TAKA 2,STKT 1,MACL 1,""
222 (H),09:02,4,G U15 4X+,final,A,TAKA 1,TRGG 1,STMW 1,HAMG 1,WNHS 1,KGCA 1,STPC 1,DIOC 1,IONA 1,"medals"
223 (I),09:06,5,B U18 2-,final,B,,,AOTE 1,,HASB 1,AGSB 3,,,,""
224 (J),09:11,5,B U18 2-,final,A,ONSL 1,MTAL 1,AGSB 1,KGCA 1,WTLB 1,AGSB 2,SJHM 1,WLCO 1,SJHM 2,"medals"
225 (K),09:15,6,G U18 2X,final,B,GLDW 1,STCA 1,STLN 1,MTAL 1,,TAUP 1,KGCA 1,PUKE 1,WENT 1,""
226 (L),09:20,6,G U18 2X,final,A,SHGN 1,STKT 1,SPLH 1,QMAR 1,STCU 1,HAUR 1,DIOC 1,IONA 1,HLCR 1,"medals"
227 (M),09:24,7,B U16 4X+,final,B,AGSB 1,TRGB 1,STPA 2,STPC 1,HAMB 1,WNCS 2,STKT 3,STKT 4,WLCO 1,""
228 (N),09:29,7,B U16 4X+,final,A,SHAK 1,WNCS 1,STPA 1,KGCA 1,STKT 2,STKT 1,HAUR 1,SPLH 1,MTAL 1,"medals"
229 (O),09:33,8,G U16 1X,final,B,POMP 1,ONSL 1,WNHS 1,HAMG 1,STIL 2,STMW 1,HAUR 1,BTHC 1,TAUP 1,""
230 (P),09:38,8,G U16 1X,final,A,SHGN 1,SAMU 1,WHGG 1,MTAL 1,HOWI 1,JPCR 1,WNGC 1,AOTE 1,KGCA 1,"medals"
231 (Q),09:42,9,B N18 2X,final,B,WLCO 1,FRAN 1,TEAW 1,AGSB 1,WHGB 1,GLDW 1,WNHS 1,BTHC 1,WNHS 2,""
232 (R),09:47,9,B N18 2X,final,A,STPC 1,WHAK 1,HASB 1,HAUR 1,SPLH 1,PAPA 1,MACL 1,FRAN 2,SCOT 1,"medals"
233 (S),09:51,10,G N18 8+,final,B,,,,,DIOC 2,EGGS 2,,,,""
234 (T),09:56,10,G N18 8+,final,A,MTAL 1,STCU 1,SHGH 1,STPC 1,WKDS 1,DIOC 1,EGGS 1,WKDS 2,CARM 1,"medals"
235 (U),10:05,11,B U17 8+,final,A,,STPA 1,AGSB 1,HAMB 1,STKT 1,KGCA 1,WTLB 1,STKT 2,,"medals"
236 (V),10:09,12,G U17 4X+,final,B,QMAR 1,WHGG 1,STCU 1,DIOC 1,HOWI 1,CAMB 1,PUKE 1,GGHS 1,KGCA 1,""
237 (W),10:14,12,G U17 4X+,final,A,WNCS 1,WNHS 1,HAUR 1,MTAL 1,SPLH 1,WEGC 1,TAKA 1,HAMG 1,ACGT 1,"medals"
238 (X),10:23,13,B U15 8X+,final,A,STPA 2,AGSB 2,STPA 1,STKT 1,AGSB 1,STPC 1,KGCA 1,SPLH 1,TRGB 1,"medals"
239 (Y),10:27,14,G U15 4+,final,B,WLGC 1,SAMU 2,BARA 2,HAMG 1,EGGS 2,STMW 1,WTLG 2,WENT 1,PUKE 1,""
240 (Z),10:32,14,G U15 4+,final,A,SAMU 1,QMAR 1,BARA 1,STPC 1,WKDS 1,KGCA 1,EGGS 1,WTLG 1,BARA 3,"medals"
241 (A),10:36,15,B U18 4X+,final,B,MTAL 1,WLCO 1,ONSL 1,STPA 1,KGCA 1,SPLH 2,STPC 2,TEAW 1,LIND 1,""
242 (B),10:41,15,B U18 4X+,final,A,GBHS 1,STPC 1,TRGB 1,SPLH 1,SHAK 1,HAUR 1,WNHS 1,TRGB 2,WNCS 1,"medals"
243 (C),10:45,16,G U18 2-,final,B,,STMW 1,ONSL 1,EGGS 2,PUKE 1,WLGC 1,STPC 1,,,""
244 (D),10:50,16,G U18 2-,final,A,STKT 1,WNCS 1,SAMU 1,WKDS 1,EGGS 1,WTLG 1,WKDS 2,SHGH 1,DIOC 1,"medals"
245 (E),10:54,17,B U16 4+,final,B,AGSB 3,WNCS 2,STKT 2,WTLB 2,STKT 1,WLCO 2,STKT 3,WTLB 1,KGCA 2,""
246 (F),10:59,17,B U16 4+,final,A,HAMB 2,STPA 1,STPA 2,HAMB 1,KGCA 1,WNCS 1,AGSB 1,WLCO 1,AGSB 2,"medals"
247 (G),11:03,18,G U16 8+,final,B,,,,STKT 1,WTLG 1,STCU 1,,,,""
248 (H),11:08,18,G U16 8+,final,A,SHGH 1,STPC 1,BARA 1,WKDS 1,QMAR 1,DIOC 1,WKDS 2,EGGS 1,OTUM 1,"medals"
249 (I),11:17,19,B N18 8+,final,A,AGSB 1,TRGB 1,SHAK 1,KGCA 1,HAMB 1,SPTW 1,SJHM 1,HAMB 2,MTAL 1,"medals"
250 (J),11:21,20,G N18 2X,final,B,ROTG 1,HOWI 1,ROTL 1,WOOD 1,NPLG 2,NAPG 1,WEGC 1,IONA 1,HUAN 1,""
251 (K),11:26,20,G N18 2X,final,A,GLDW 1,QMAR 1,WNGC 1,MACL 1,SHGH 1,TAUP 1,CAMB 1,NPLG 1,WENT 1,"medals"
252 (L),11:30,21,B U17 2X,final,B,AQUI 1,HOWI 1,,GLDW 1,WLCO 1,SCOT 1,TRGB 1,BTHC 1,,""
253 (M),11:35,21,B U17 2X,final,A,GBHS 1,NAPB 1,WNCS 1,WNHS 1,FRAN 1,SPLH 1,WHAK 1,TAUP 1,SPLH 2,"medals"
254 (N),11:39,22,G U17 1X,final,B,SAMU 1,ROTL 1,WLGC 1,HAUR 2,STCA 1,,MTAL 1,HAMG 1,,""
255 (O),11:44,22,G U17 1X,final,A,ROTG 1,CAMB 1,QMAR 1,HUAN 1,STCU 1,ACGT 1,AQUI 1,HAUR 1,WENT 1,"medals"
256 (P),11:48,23,G U15 8X+,final,B,,,,WKDS 1,WNCS 1,DIOC 2,,,,""
257 (Q),11:53,23,G U15 8X+,final,A,QMAR 1,STCU 1,TAKA 1,STKT 1,DIOC 1,WLGC 1,STPC 1,TRGG 1,WTLG 1,"medals"
258 (R),12:02,24,B U15 8+,final,A,WLCO 1,WTLB 1,MTAL 1,HAMB 1,KGCA 1,AGSB 1,KGCA 2,WTLB 2,,"medals"
259 (S),12:06,25,B U18 4+,final,B,,,NAPB 1,AGSB 3,MTAL 1,GBHS 1,,,,""
260 (T),12:11,25,B U18 4+,final,A,SJHM 1,HAMB 2,HAMB 1,KGCA 1,WTLB 1,AGSB 1,STKT 1,WTLB 2,AGSB 2,"medals"
261 (U),12:15,26,G U18 4+,final,B,,,,PUKE 1,,BARA 2,,,,""
262 (V),12:20,26,G U18 4+,final,A,BARA 1,WTLG 1,WNCS 1,WNCS 2,WKDS 1,EGGS 1,SHGH 1,WTLG 2,WLGC 1,"medals"
263 (W),12:24,27,G U16 4X+,final,B,JPCR 1,BARA 1,OTUM 1,TAKA 1,SPLH 1,WLGC 1,WEGC 1,,TAUP 1,""
264 (X),12:29,27,G U16 4X+,final,A,KGCA 1,HOWI 1,QMAR 1,WNHS 1,WHGG 1,HAMG 1,DIOC 1,DIOC 2,STPC 1,"medals"
265 (Y),12:33,28,B U16 2X,final,B,NAPB 1,TRGB 1,STIL 1,HASB 1,CAMB 1,AQUI 1,TAUP 1,SCOT 1,ROTO 1,""
266 (Z),12:38,28,B U16 2X,final,A,SPLH 1,MACL 1,ONSL 1,LIND 1,MTAL 1,SHAK 1,WHAK 1,TAKA 1,SJHM 1,"medals"
267 (A),12:42,29,G U18 1X,final,B,IONA 2,STKT 2,TAUP 1,QMAR 1,STLN 1,HUAN 1,MTAL 1,ONSL 1,WENT 1,""
268 (B),12:47,29,G U18 1X,final,A,GGHS 1,GLDW 1,WTLG 1,HAMG 1,HAUR 1,KGCA 1,IONA 1,WKDS 1,STPC 1,"medals"
269 (C),12:51,30,B U18 1X,final,B,NPLB 1,HLCR 1,TRGB 2,STPA 1,STPC 1,LIND 1,AOTE 1,WENT 1,NAPB 2,""
270 (D),12:56,30,B U18 1X,final,A,SPLH 1,OTUM 1,WLCO 1,MTAL 1,TRGB 1,HAUR 1,HAMB 1,SPLH 2,WNHS 1,"medals"
271 (E),13:00,31,G U15 2X,final,B,STPC 1,,ROTL 1,TAKA 2,HAMG 2,WNGC 1,STMW 1,WEGC 1,BTHC 1,""
272 (F),13:05,31,G U15 2X,final,A,KGCA 1,PUKE 1,MTAL 1,TAKA 1,HAMG 1,HUAN 1,WHGG 1,STIL 1,STKT 1,"medals"
273 (G),13:09,32,B U15 4X+,final,B,STKT 3,WLCO 1,TRGB 1,STKT 2,MACL 1,KGCA 1,STPC 2,SCOT 1,SPLH 2,""
274 (H),13:14,32,B U15 4X+,final,A,GLDW 1,MTAL 1,SPLH 1,STKT 1,HAUR 1,STPC 1,WNCS 1,AGSB 1,STPA 1,"medals"
275 (I),13:23,33,G U17 8+,final,A,,STPC 1,STKT 1,BARA 1,DIOC 1,WLGC 1,STCU 1,QMAR 1,,"medals"
276 (J),13:27,34,B U17 4+,final,B,,,GBHS 1,ROTO 1,WLCO 1,STKT 3,,,,""
277 (K),13:32,34,B U17 4+,final,A,HAMB 2,WHAK 1,STKT 1,STPA 1,KGCA 1,AGSB 1,WTLB 2,PUKE 1,STKT 2,"medals"
278 (L),13:36,35,G N18 4X+,final,B,WENT 1,CAMB 1,BTHC 1,SHGH 2,MTAL 1,TEAW 1,STPC 2,OTUM 1,HAMG 1,""
279 (M),13:41,35,G N18 4X+,final,A,WNCS 1,DIOC 1,WNHS 1,NPLG 1,SHGH 1,WOOD 1,STPC 1,CARM 1,GLDW 1,"medals"
280 (N),13:45,36,B N18 4+,final,B,STPC 1,,MTAL 1,SPTW 1,PAPA 1,WTLB 1,LIND 1,TRGB 2,WLCO 2,""
281 (O),13:50,36,B N18 4+,final,A,WNHS 1,FRAN 1,TEAW 1,TRGB 1,AGSB 1,KGCA 1,SJHM 1,HAMB 1,SHAK 1,"medals"
282 (P),13:54,37,G U16 4+,final,B,EGGS 2,PUKE 1,BARA 1,WTLG 1,SPLH 1,WEGC 1,STPC 1,CAMB 1,WLGC 1,""
283 (Q),13:59,37,G U16 4+,final,A,EGGS 1,SAMU 1,SHGH 1,WKDS 1,QMAR 1,DIOC 1,DIOC 2,WNHS 1,OTUM 1,"medals"
284 (R),14:03,38,B U16 8+,final,B,,,,AGSB 2,HAMB 2,KGCA 2,,,,""
285 (S),14:08,38,B U16 8+,final,A,WLCO 1,MTAL 1,KGCA 1,STPA 1,HAMB 1,AGSB 1,STKT 1,STPA 2,WTLB 1,"medals"
286 (T),14:12,39,G U17 2-,final,B,ACGT 1,STPC 1,PUKE 1,AOTE 1,STKT 2,,WOOD 1,GGHS 1,,""
287 (U),14:17,39,G U17 2-,final,A,STPC 2,BARA 1,EGGS 2,SAMU 1,WTLG 1,WKDS 1,STKT 1,SAMU 2,QMAR 1,"medals"
288 (V),14:21,40,B U17 2-,final,B,TRGB 2,AGSB 1,TAUH 1,KGCA 2,,WLCO 1,STKT 2,TAUP 1,,""
289 (W),14:26,40,B U17 2-,final,A,KGCA 1,GLDW 1,GBHS 1,WTLB 1,TRGB 1,HAMB 1,GBHS 2,MTAL 1,OTUM 1,"medals"
290 (X),14:30,41,G U18 4X+,final,B,STCU 1,HAUR 1,ONSL 1,GLDW 1,SHGN 1,WTLG 1,WHGG 1,TAUP 1,NGAR 1,""
291 (Y),14:35,41,G U18 4X+,final,A,GGHS 1,STCU 2,DIOC 1,CAMB 1,SPLH 1,WNHS 1,MTAL 1,HLCR 1,KGCA 1,"medals"
292 (Z),14:39,42,B U18 2X,final,B,GBHS 1,TRGB 1,LIND 1,WNCS 1,FRAN 1,WNCS 2,HAUR 2,ONSL 1,TAUP 1,""
293 (A),14:44,42,B U18 2X,final,A,MTAL 1,SPLH 2,SPTW 1,HAUR 1,SPLH 1,NPLB 1,WNHS 1,SHAK 1,FRAN 2,"medals"
294 (B),14:53,43,G U15 8+,final,A,WKDS 2,QMAR 1,STPC 1,DIOC 1,WKDS 1,BARA 1,WTLG 1,DIOC 2,WLGC 1,"medals"
295 (C),14:57,44,B U15 4+,final,B,,,WTLB 4,KGCA 2,HAMB 2,WLCO 2,,,,""
296 (D),15:02,44,B U15 4+,final,A,WTLB 3,WTLB 2,WTLB 1,HAMB 1,KGCA 1,SJHM 1,SHAK 1,HAUR 1,WLCO 1,"medals"
297 (E),15:06,45,G U17 2X,final,B,STCA 1,WHGG 1,GGHS 1,WNCS 1,IONA 1,WENT 1,WKDS 1,HOWI 1,AQUI 1,""
298 (F),15:11,45,G U17 2X,final,A,SPLH 1,TAKA 1,QMAR 1,ACGT 1,WEGC 1,MTAL 1,HUAN 1,HAUR 1,WNHS 1,"medals"
299 (G),15:15,46,B U17 4X+,final,B,WLCO 3,GBHS 1,WHAK 2,WLCO 2,WLCO 1,ONSL 1,GLDW 1,TAUH 1,TAKA 1,""
300 (H),15:20,46,B U17 4X+,final,A,NAPB 1,SPLH 2,SHAK 1,WNCS 1,STPC 1,WNHS 1,SPLH 1,STKT 1,WHAK 1,"medals"
301 (I),15:24,47,G N18 4+,final,B,STPC 2,WHGG 1,WOOD 1,SHGH 1,BARA 1,OTUM 1,,EGGS 3,CARM 2,""
302 (J),15:29,47,G N18 4+,final,A,WTLG 1,QMAR 1,DIOC 1,EGGS 2,WKDS 1,EGGS 1,STPC 1,WNHS 1,WENT 1,"medals"
303 (K),15:33,48,B N18 4X+,final,B,STKT 3,STKT 2,WHGB 1,FRAN 1,SCOT 1,BTHC 1,NGAR 1,MACL 1,AGSB 2,""
304 (L),15:38,48,B N18 4X+,final,A,SPLH 1,STPA 1,PAPA 1,KGCA 1,STPC 1,WNHS 1,STKT 1,WLCO 1,AGSB 1,"medals"
305 (M),15:42,49,G U16 2X,final,B,GLDW 1,KGCA 1,TAUP 1,SPLH 1,TAKA 1,HAMG 1,WTLG 1,HAUR 1,,""
306 (N),15:47,49,G U16 2X,final,A,WEGC 2,WNHS 1,WLGC 2,WHGG 1,STMW 1,HOWI 1,MTAL 1,CAMB 1,STPC 1,"medals"
307 (O),15:51,50,B U16 1X,final,B,TEAW 1,GBHS 1,TRGB 1,BTHC 1,MACL 1,SCOT 1,TAUH 1,,STKT 1,""
308 (P),15:56,50,B U16 1X,final,A,ONSL 1,TAUP 1,STLN 1,LIND 1,WLCO 1,WNHS 1,PARN 1,WHGB 1,WHAK 1,"medals"
309 (Q),16:05,52,B U18 8+,final,A,HAMB 2,WTLB 1,KGCA 2,KGCA 1,HAMB 1,AGSB 1,STKT 1,STPA 1,WTLB 2,"medals"
310 (R),16:14,51,G U18 8+,final,A,DIOC 1,SHGH 1,BARA 1,WNCS 1,WKDS 1,EGGS 1,WKDS 2,BARA 2,,"medals"
