"DAY SHEETS, as at 6:19AM on Sunday 7th"
DAY 1: Wednesday 18th February 2026
Race,Time,Event #,Event Type,Round,Division,lane_1,lane_2,lane_3,lane_4,lane_5,lane_6,lane_7,lane_8,lane_9,Progression
1 (A),08:00,1,M Clb 2X,heat,1,HAMC 3,HKIC 1,TGBC 1,AWGC 1,CLIC 1,CTYC 2,MERC 1,AKLC 1,WKOC 2,"1..4=S F + 6 Next Fastest"
2 (B),08:05,1,M Clb 2X,heat,2,HWBC 2,HAMC 2,STAC 1,CTYC 1,WKOC 1,CLIC 3,HKIC 2,WELC 1,,"1..4=S F + 6 Next Fastest"
3 (C),08:10,1,M Clb 2X,heat,3,NSHC 1,HWBC 1,CLIC 2,NELC 1,DUAC 1,AWGC 2,HAMC 1,PORC 1,,"1..4=S F + 6 Next Fastest"
4 (D),08:15,2,W Clb 2X,heat,1,,HKIC 1,WHAC 1,DUAC 2,STAC 1,HWBC 1,AKLC 1,WREC 1,,"1..3=S + 6 Next Fastest"
5 (E),08:20,2,W Clb 2X,heat,2,,WESC 3,ROTC 2,TAWC 1,DUAC 1,HAMC 1,AWGC 2,WELC 1,,"1..3=S + 6 Next Fastest"
6 (F),08:25,2,W Clb 2X,heat,3,,MERC 1,TAWC 2,HWBC 2,COMC 1,WKOC 1,OTAC 1,WESC 2,,"1..3=S + 6 Next Fastest"
7 (G),08:30,2,W Clb 2X,heat,4,,WREC 2,AWGC 1,ROTC 1,WESC 1,STAC 2,PETC 1,HAMC 2,,"1..3=S + 6 Next Fastest"
8 (H),08:35,3,W Int 4+,heat,1,,AWGC 1,MERC 2,HAMC 1,AVNC 1,UNWC 1,WELC 1,,,"1..3=FA + 3 Next Fastest; Rest =FB"
9 (I),08:40,3,W Int 4+,heat,2,,STAC 1,HAMC 2,AVNC 2,PORC 1,MERC 1,WEL* 2,,,"1..3=FA + 3 Next Fastest; Rest =FB"
10 (J),08:45,4,M Snr 2-,heat,1,AKLC 2,WRAC 1,AKLC 1,AVN* 2,AVNC 1,NSHC 2,AVNC 5,WKOC 4,HWBC 1,"1..3=FA + 3 Next Fastest; Rest =FB"
11 (K),08:50,4,M Snr 2-,heat,2,SKEC 1,WKOC 2,WKOC 3,AVNC 3,NSHC 1,AVNC 4,WKOC 1,AKLC 3,,"1..3=FA + 3 Next Fastest; Rest =FB"
12 (L),08:55,5,W Snr 2-,heat,1,,AKLC 1,AVNC 4,AVNC 1,NSHC 1,WKOC 3,AVNC 3,,,"1..3=FA + 3 Next Fastest; Rest =FB"
13 (M),09:00,5,W Snr 2-,heat,2,,WKOC 2,WKOC 4,WKOC 1,AVNC 2,NEL* 1,AVNC 5,,,"1..3=FA + 3 Next Fastest; Rest =FB"
14 (N),09:05,6,W Prm 1X,heat,1,,WESC 1,ASHC 1,WKOC 1,HWBC 1,AVNC 1,INVC 1,CAMC 1,,"1..3=FA + 3 Next Fastest; Rest =FB"
15 (O),09:10,6,W Prm 1X,heat,2,,WKOC 4,WKOC 2,NSHC 1,HKIC 1,WKOC 3,DUAC 1,,,"1..3=FA + 3 Next Fastest; Rest =FB"
16 (P),09:15,7,M Prm 1X,heat,1,LHOC 1,,AVNC 1,WKOC 4,WKOC 1,WKOC 9,DUAC 1,WKOC 6,,"1..3=FA + 3 Next Fastest; Rest =FB"
17 (Q),09:20,7,M Prm 1X,heat,2,,NSHC 1,WKOC 7,WKOC 3,WKOC 2,DUAC 2,SGEC 1,WKOC 5,,"1..3=FA + 3 Next Fastest; Rest =FB"
18 (R),09:25,8,M Int 4X+,heat,1,WKOC 1,HAMC 2,MERC 1,HWBC 1,AVNC 1,WELC 1,OAM* 1,,,"1..3=FA + 3 Next Fastest; Rest =FB"
19 (S),09:30,8,M Int 4X+,heat,2,PORC 1,MERC 2,NSH* 1,AWGC 1,NELC 1,SHAC 1,HAMC 1,HWBC 2,,"1..3=FA + 3 Next Fastest; Rest =FB"
20 (T),09:35,9,W Nov 2X,heat,1,,HAMC 2,WREC 1,UNWC 1,NSHC 1,OAMC 1,ROTC 1,HWBC 4,,"1..4=S F + 6 Next Fastest"
21 (U),09:40,9,W Nov 2X,heat,2,,HWBC 3,CLIC 2,AWGC 1,WESC 1,HWBC 1,WREC 2,HAMC 3,,"1..4=S F + 6 Next Fastest"
22 (V),09:45,9,W Nov 2X,heat,3,,WELC 1,AWGC 2,HWBC 2,HAMC 1,CLIC 1,WKOC 1,,,"1..4=S F + 6 Next Fastest"
23 (W),09:55,10,M Nov 8+,prelim,1,,,CLIC 1,WKOC 2,HWBC 1,SHAC 1,WKOC 1,,,""
24 (X),10:05,11,M Clb 4-,heat,1,SGE* 1,WESC 1,WKOC 1,AVNC 2,AVNC 1,WKOC 11,AKLC 1,STAC 1,HWBC 1,"1..3=FA + 3 Next Fastest; Rest =FB"
25 (Y),10:10,11,M Clb 4-,heat,2,AWGC 1,NSHC 3,AVNC 3,NSHC 1,WRAC 1,CTYC 1,WKOC 2,NSHC 2,,"1..3=FA + 3 Next Fastest; Rest =FB"
26 (Z),10:20,12,W Clb 8+,prelim,1,WKOC 1,AVNC 1,AKLC 31,DUAC 1,HAMC 1,STAC 1,DUAC 2,NSHC 1,,""
27 (A),10:25,13,M Snr 2X,heat,1,DTAC 2,NELC 1,AWGC 1,DUAC 4,CLIC 1,DUAC 5,WKOC 1,TGA* 2,,"1..4=S F + 6 Next Fastest"
28 (B),10:30,13,M Snr 2X,heat,2,,WKOC 2,DUAC 6,TGAC 1,DUAC 1,SHAC 1,DUAC 7,DTA* 1,,"1..4=S F + 6 Next Fastest"
29 (C),10:35,13,M Snr 2X,heat,3,,CLIC 2,OAMC 1,DUAC 2,SGEC 1,AVNC 1,DUAC 3,WKOC 3,,"1..4=S F + 6 Next Fastest"
30 (D),10:40,14,W Snr 2X,heat,1,,WKOC 2,STAC 1,DUAC 1,DUAC 2,AVNC 2,NEL* 1,,,"1..3=FA + 3 Next Fastest; Rest =FB"
31 (E),10:45,14,W Snr 2X,heat,2,,HWBC 1,WESC 1,AVNC 1,DUAC 3,WKOC 1,POR* 1,,,"1..3=FA + 3 Next Fastest; Rest =FB"
32 (F),10:50,15,W Prm 2-,prelim,1,,WKOC 2,AVNC 1,,OGUC 1,WKOC 3,STA* 1,WKO* 1,,""
33 (G),10:55,16,M Prm 2-,heat,1,,WKOC 4,AVNC 3,STA* 1,AVNC 1,AVNC 2,NSHC 1,AKLC 1,,"1..3=FA + 3 Next Fastest;"
34 (H),11:00,16,M Prm 2-,heat,2,,AVNC 5,AVNC 4,WRA* 1,WKOC 1,WKOC 2,WKOC 3,,,"1..3=FA + 3 Next Fastest;"
35 (I),11:05,17,M Int 8+,prelim,1,,WESC 22,AVN* 1,MERC 1,SHAC 1,WEL* 1,WESC 21,WKOC 1,,""
36 (J),11:10,18,W Int 2X,heat,1,CLIC 1,UNWC 2,WREC 6,STAC 1,DUAC 1,WREC 3,PORC 3,AWGC 1,,"1..3=S + 6 Next Fastest"
37 (K),11:15,18,W Int 2X,heat,2,AWGC 2,WREC 4,WREC 8,HWBC 1,PORC 1,CLIC 3,HAMC 1,AVNC 1,,"1..3=S + 6 Next Fastest"
38 (L),11:20,18,W Int 2X,heat,3,,WELC 1,,UNWC 1,DUAC 2,PORC 2,WREC 1,CLIC 4,,"1..3=S + 6 Next Fastest"
39 (M),11:25,18,W Int 2X,heat,4,WREC 7,WHAC 1,PORC 4,CLIC 2,HKIC 1,WREC 2,UNWC 3,HAMC 2,,"1..3=S + 6 Next Fastest"
40 (N),11:30,19,W Nov 4+,heat,1,,HAMC 2,AWGC 1,HAMC 1,OAMC 1,WES* 1,PETC 2,HWBC 2,,"1..3=FA + 3 Next Fastest; Rest =FB"
41 (O),11:35,19,W Nov 4+,heat,2,HWBC 1,NSHC 2,PETC 1,OAMC 2,AVNC 1,NSHC 1,HAMC 3,WELC 1,,"1..3=FA + 3 Next Fastest; Rest =FB"
42 (P),11:40,20,Opn 1X (P) [1000m],prelim,1,ROTC 1,CAMC 1,HWBC 1,CAMC 2,,,,,,""
42 (P),11:40,20I,I 1X (P) [1000m],prelim,1,,,,,TGSC 1,PETC 1,,,,""
43 (Q),11:45,21,M Clb 1X,heat,1,PORC 3,CLIC 2,NSHC 1,TAWC 1,OTAC 1,SGEC 1,HAMC 2,WKOC 3,,"1..2=S + 8 Next Fastest"
44 (R),11:50,21,M Clb 1X,heat,2,AVNC 1,WELC 1,TGBC 1,WKOC 1,NELC 1,HKIC 1,CLIC 3,PORC 1,,"1..2=S + 8 Next Fastest"
45 (S),11:55,21,M Clb 1X,heat,3,,PORC 2,HWBC 3,AWGC 1,AKLC 1,WELC 2,HKIC 2,WESC 2,,"1..2=S + 8 Next Fastest"
46 (T),12:00,21,M Clb 1X,heat,4,,WKOC 11,MERC 2,CLIC 1,HAMC 1,HWBC 1,AWGC 2,WELC 3,,"1..2=S + 8 Next Fastest"
47 (U),12:05,21,M Clb 1X,heat,5,,WRAC 1,HAMC 3,HWBC 2,OAMC 1,WESC 1,WKOC 2,MERC 1,,"1..2=S + 8 Next Fastest"
48 (V),12:10,22,W Clb 4X-,heat,1,,HAMC 2,TAWC 1,COMC 1,WESC 1,WKOC 1,DUAC 3,STAC 1,,"1..3=FA + 3 Next Fastest; Rest =FB"
49 (W),12:15,22,W Clb 4X-,heat,2,,HKIC 1,DUAC 2,AWGC 1,DUAC 1,ROTC 1,WREC 1,HAMC 1,,"1..3=FA + 3 Next Fastest; Rest =FB"
50 (X),12:20,23,M Nov 4X+,heat,1,,WKOC 1,HWBC 1,TGAC 1,CLIC 1,MERC 1,WELC 1,,,"1..3=F + 3 Next Fastest"
51 (Y),12:25,23,M Nov 4X+,heat,2,,,CLIC 2,WHAC 1,AWGC 1,SHAC 1,HWBC 2,,,"1..3=F + 3 Next Fastest"
52 (Z),12:30,24,W Snr 8+,prelim,1,,DUAC 1,AVNC 2,WKOC 1,AVNC 1,WKOC 3,AVNC 3,,,""
53 (A),12:35,25,M Snr 8+,prelim,1,WKOC 2,KICC 1,AVNC 3,AKLC 1,WKOC 1,AVNC 1,DUAC 1,NSHC 1,AVN* 2,""
54 (B),12:40,26,M Int 2X,heat,1,HAMC 2,HWBC 1,AWGC 1,DUAC 1,SHAC 11,ROTC 1,,TAWC 2,,"1..3=S + 6 Next Fastest"
55 (C),12:45,26,M Int 2X,heat,2,,WKOC 11,NSHC 1,TAWC 1,UNWC 1,AVNC 1,AWGC 2,PORC 2,,"1..3=S + 6 Next Fastest"
56 (D),12:50,26,M Int 2X,heat,3,,WELC 1,HWBC 2,TGBC 1,WKOC 1,NELC 1,PORC 1,WESC 1,,"1..3=S + 6 Next Fastest"
57 (E),12:55,26,M Int 2X,heat,4,,PETC 1,BPCC 1,HAMC 1,OAMC 1,AKLC 1,NELC 2,HWBC 3,,"1..3=S + 6 Next Fastest"
58 (F),13:00,27E,Mx Clb 8+ (E),prelim,1,,,SHA* 1,NSHC 1,STAC 1,WKO* 11,PETC 1,,,""
59 (G),13:10,28,W Prm 2X,prelim,1,,WKOC 3,OGUC 1,WKO* 1,ASH* 1,WKO* 2,HKI* 1,WKOC 4,,""
60 (H),13:20,29,M Prm 2X,prelim,1,,WKO* 3,DUAC 1,WKOC 1,AVNC 1,WKOC 2,NSHC 1,WKOC 5,,""
61 (I),13:25,30,W Int 8+,prelim,1,,AVNC 1,UNWC 1,HAMC 1,CAMC 21,WEL* 1,MERC 1,PORC 1,,""
62 (J),13:40,31,M Clb 8+,heat,1,,WKOC 2,SGE* 1,NSHC 1,HWBC 1,AVNC 2,DUAC 1,,,"1..3=FA + 3 Next Fastest;"
63 (K),13:45,31,M Clb 8+,heat,2,,AWGC 1,WKOC 1,AVNC 1,,KICC 1,WKOC 3,,,"1..3=FA + 3 Next Fastest;"
64 (L),13:50,32,W Clb 2-,heat,1,,HAMC 3,AKLC 2,WELC 1,NSHC 1,AVNC 1,MERC 1,WESC 1,,"1..3=FA + 3 Next Fastest; Rest =FB"
65 (M),13:55,32,W Clb 2-,heat,2,STAC 1,AVNC 2,DUAC 1,WKOC 1,AKLC 1,HAMC 1,NSHC 2,HAMC 2,,"1..3=FA + 3 Next Fastest; Rest =FB"
66 (N),14:05,33,M Nov 4+,heat,1,,,TGAC 1,WKOC 11,WKOC 1,WELC 1,HWBC 1,,,"1..3=F + 3 Next Fastest"
67 (O),14:10,33,M Nov 4+,heat,2,,,MERC 1,AWGC 1,TGBC 1,WKOC 3,WES* 1,,,"1..3=F + 3 Next Fastest"
68 (P),14:15,34,W Snr 4X-,prelim,1,STA* 1,DUAC 1,WKOC 2,DUAC 2,AVNC 1,WREC 1,WKOC 1,AWGC 1,,""
69 (Q),14:20,35,M Snr 4X-,heat,1,,SGE* 1,DUAC 3,CLIC 1,DUAC 1,WKOC 2,AVNC 2,,,"1..3=FA + 3 Next Fastest; Rest =FB"
70 (R),14:25,35,M Snr 4X-,heat,2,,NEL* 1,WKOC 1,AVNC 1,TGA* 1,DUAC 2,AWGC 1,,,"1..3=FA + 3 Next Fastest; Rest =FB"
71 (S),14:30,36,W Prm 4-,prelim,1,,,,WKOC 1,RWKX 1,,,,,""
72 (T),14:40,37,M Prm 4-,prelim,1,,,WKOC 1,AVNC 2,,AVNC 1,,,,""
73 (U),14:45,38,W Nov 8+,prelim,1,CLIC 1,HWBC 2,HAMC 1,HWBC 1,PETC 1,CAMC 21,OAMC 1,NSHC 1,,""
74 (V),14:50,39,W Int 4X+,heat,1,CLIC 2,WREC 1,STAC 1,HAMC 1,DUAC 1,AWGC 1,UNW* 2,WREC 2,WEL* 2,"1..3=FA + 3 Next Fastest; Rest =FB"
75 (W),14:55,39,W Int 4X+,heat,2,WREC 3,HAMC 2,PORC 1,WESC 1,CLIC 1,UNWC 1,HAMC 3,WELC 1,,"1..3=FA + 3 Next Fastest; Rest =FB"
76 (X),15:00,40,M Int 4+,heat,1,,,MERC 2,AKL* 1,AVNC 1,WELC 1,HWBC 2,,,"1..3=F + 3 Next Fastest"
77 (Y),15:05,40,M Int 4+,heat,2,,,PETC 1,ROT* 1,MERC 1,HWBC 1,HAMC 1,,,"1..3=F + 3 Next Fastest"
78 (Z),15:10,41,M Clb 4X-,heat,1,,NSHC 1,HKIC 1,WRAC 1,CLIC 1,DUAC 1,SGE* 1,WELC 1,,"1..4=S F + 6 Next Fastest"
79 (A),15:15,41,M Clb 4X-,heat,2,,DUAC 2,AWGC 2,CTYC 1,CAMC 21,WKOC 1,HAMC 1,,,"1..4=S F + 6 Next Fastest"
80 (B),15:20,41,M Clb 4X-,heat,3,,WKOC 2,NELC 1,AWGC 1,HWBC 1,SHAC 1,STAC 1,,,"1..4=S F + 6 Next Fastest"
81 (C),15:25,42,W Clb 1X,heat,1,,OTAC 2,ROTC 2,HWBC 2,DUAC 1,WREC 1,HKIC 2,AWGC 1,,"1..4=S F + 6 Next Fastest"
82 (D),15:30,42,W Clb 1X,heat,2,,WHAC 1,TAWC 1,ROTC 1,WKOC 1,STAC 1,HWBC 3,AKLC 1,,"1..4=S F + 6 Next Fastest"
83 (E),15:35,42,W Clb 1X,heat,3,,MERC 1,OTAC 1,WKOC 2,HWBC 1,WESC 1,PETC 1,HKIC 1,,"1..4=S F + 6 Next Fastest"
84 (F),15:40,43,W Prm 4X-,prelim,1,,,WKOC 1,DUAC 1,STA* 1,WKO* 2,AVN* 1,,,""
85 (G),15:45,44,M Prm 4X-,prelim,1,,RWT* 1,AVN* 1,STA* 1,DUAC 1,WKOC 2,DUA* 2,,,""
86 (H),15:50,45,W Snr 4-,prelim,1,,AVNC 4,WKOC 2,AKL* 1,AVNC 2,WKOC 1,AVNC 1,AVNC 3,,""
87 (I),15:55,46,M Snr 4-,heat,1,,,AVNC 3,NSHC 1,WKOC 1,DTA* 1,AKLC 2,,,"1..3=F + 3 Next Fastest"
88 (J),16:00,46,M Snr 4-,heat,2,,,AKLC 1,AVN* 2,AVNC 1,WKOC 2,NSHC 2,,,"1..3=F + 3 Next Fastest"
89 (K),16:02,47E,Mx Clb 4X- (E),prelim,1, - - REMOVED - -,,,,,,,,,""
90 (L),16:04,48,Opn 2X (P) [1000m],prelim,1, - - REMOVED - -,,,,,,,,,""
91 (M),16:05,48I,I 2X (P) [1000m],prelim,1,,,TGSC 1,CAMC 2,PETC 1,CAMC 1,,,,""
92 (N),16:10,49,W Nov 4X+,heat,1,,PETC 2,CLIC 1,OAMC 2,AVNC 1,HWBC 1,HAMC 3,HWBC 2,,"1..4=S F + 6 Next Fastest"
93 (O),16:15,49,W Nov 4X+,heat,2,,HWBC 3,WREC 1,NSHC 1,OAMC 1,HAMC 1,ROT* 1,WELC 1,,"1..4=S F + 6 Next Fastest"
94 (P),16:20,49,W Nov 4X+,heat,3,,CLIC 2,HAMC 2,WES* 1,AWGC 1,NSHC 2,PETC 1,HWBC 4,,"1..4=S F + 6 Next Fastest"
95 (Q),16:25,50,M Int 1X,heat,1,COMC 1,HWBC 1,HAMC 2,ROTC 1,PORC 1,AWGC 3,AWGC 2,TAWC 2,,"1..4=S F + 6 Next Fastest"
96 (R),16:30,50,M Int 1X,heat,2,PORC 2,AWGC 4,WESC 1,TAWC 1,TGBC 1,DUAC 1,WREC 1,HAMC 3,,"1..4=S F + 6 Next Fastest"
97 (S),16:35,50,M Int 1X,heat,3,AKLC 1,CTYC 1,HWBC 2,AWGC 1,HAMC 1,BPCC 1,WKOC 12,PORC 3,,"1..4=S F + 6 Next Fastest"
98 (T),16:40,51,W Int 1X,heat,1,WHAC 3,WREC 7,ROTC 2,WKOC 2,DUAC 1,HKIC 1,WREC 2,WELC 1,,"1..3=S + 6 Next Fastest"
99 (U),16:45,51,W Int 1X,heat,2,WREC 5,AVNC 1,WREC 4,DUAC 2,WKOC 1,PORC 1,ROTC 1,AWGC 1,,"1..3=S + 6 Next Fastest"
100 (V),16:50,51,W Int 1X,heat,3,,PETC 1,HWBC 2,STAC 1,HAMC 1,UNWC 1,WREC 6,AVNC 2,,"1..3=S + 6 Next Fastest"
101 (W),16:55,51,W Int 1X,heat,4,,WHAC 2,UNWC 2,WESC 1,WREC 1,HWBC 1,HAMC 2,WREC 3,,"1..3=S + 6 Next Fastest"

DAY 2: Thursday 19th February 2026
Race,Time,Event #,Event Type,Round,Division,lane_1,lane_2,lane_3,lane_4,lane_5,lane_6,lane_7,lane_8,lane_9,Progression
102 (A),08:00,52,M Nov 2X,heat,1,MERC 2,HWBC 2,AWGC 1,HWBC 1,HAMC 1,WHAC 2,MERC 1,TGAC 1,WESC 1,"1..3=FA + 3 Next Fastest; Rest =FB"
103 (B),08:05,52,M Nov 2X,heat,2,HWBC 3,TGAC 2,WHAC 1,CLIC 1,CLIC 3,CLIC 2,UNWC 1,NSHC 1,AWGC 2,"1..3=FA + 3 Next Fastest; Rest =FB"
104 (C),08:10,52,M Nov 2X,heat,3, - - CANCELLED - -,,,,,,,,,"1..3=FA + 3 Next Fastest; Rest =FB"
105 (D),08:15,53,M Clb 2-,heat,1,PORC 1,AVNC 2,STAC 1,SKEC 1,HAMC 1,NSHC 1,NSHC 4,WKOC 2,WRAC 2,"1..4=S F + 6 Next Fastest"
106 (E),08:20,53,M Clb 2-,heat,2,OAMC 1,WKOC 11,NELC 1,NSHC 3,AVNC 1,HWBC 1,AWGC 1,SKEC 2,,"1..4=S F + 6 Next Fastest"
107 (F),08:25,53,M Clb 2-,heat,3,MERC 1,NSHC 2,TGBC 1,WRAC 1,AKLC 1,WESC 1,WKOC 1,PETC 1,,"1..4=S F + 6 Next Fastest"
108 (G),08:30,54,W Clb 4-,heat,1,,AKLC 1,AVNC 1,NSHC 1,DUAC 1,STAC 1,MERC 1,,,"1..3=F + 3 Next Fastest"
109 (H),08:35,54,W Clb 4-,heat,2,,,NSHC 2,WKOC 1,HAMC 1,AVNC 2,DUAC 2,,,"1..3=F + 3 Next Fastest"
110 (I),08:40,55,W Snr 1X,heat,1,WKOC 5,WKOC 1,NSHC 1,NELC 1,WESC 1,PORC 1,STAC 1,WRAC 1,,"1..3=FA + 3 Next Fastest; Rest =FB"
111 (J),08:45,55,W Snr 1X,heat,2,,WREC 1,WKOC 3,WKOC 4,DUAC 3,DUAC 2,NSHC 2,HWBC 1,,"1..3=FA + 3 Next Fastest; Rest =FB"
112 (K),08:55,56,M Snr 1X,heat,1,WKOC 4,OTAC 1,WKOC 6,OAMC 1,DUAC 3,DUAC 1,TGAC 2,AWGC 1,WHAC 1,"1..4=S F + 6 Next Fastest"
113 (L),09:00,56,M Snr 1X,heat,2,WKOC 5,LHOC 1,TGAC 1,DUAC 2,HAMC 1,WKOC 1,AWGC 3,WKOC 3,AVNC 3,"1..4=S F + 6 Next Fastest"
114 (M),09:05,56,M Snr 1X,heat,3,NELC 1,AVNC 1,SHAC 1,SGEC 1,DUAC 5,AWGC 2,CLIC 1,DUAC 4,,"1..4=S F + 6 Next Fastest"
115 (N),09:10,56,M Snr 1X,heat,4, - - CANCELLED - -,,,,,,,,,"1..4=S F + 6 Next Fastest"
116 (O),09:15,57E,Mx Int 8+ (E),prelim,1,,PETC 1,WEL* 2,MERC 2,WELC 1,NSH* 1,HWBC 1,MERC 1,,""
117 (P),09:25,58,M Prm 8+,prelim,1,,,AVN* 2,WKOC 1,AVNC 1,RAUX 1,RCAX 1,,,""
118 (Q),09:30,59,W Prm 8+,prelim,1,,,WKOC 1,DUA* 1,WKO* 3,AVNC 1,AVN* 2,,,""
119 (R),10:30,1,M Clb 2X,semi-final,1,CLIC 3,NELC 1,HKIC 1,DUAC 1,WKOC 1,TGBC 1,HKIC 2,MERC 1,HAMC 3,"1..4=FA + Next Fastest; Rest=FB"
120 (S),10:35,1,M Clb 2X,semi-final,2,CTYC 2,STAC 1,HWBC 1,CTYC 1,CLIC 1,HAMC 1,AKLC 1,HAMC 2,CLIC 2,"1..4=FA + Next Fastest; Rest=FB"
121 (T),10:40,2,W Clb 2X,semi-final,1,AKLC 1,TAWC 1,WKOC 1,WESC 1,STAC 1,HAMC 1,ROTC 1,AWGC 1,ROTC 2,"1..4=FA + Next Fastest; Rest=FB"
122 (U),10:45,2,W Clb 2X,semi-final,2,TAWC 2,HWBC 1,STAC 2,COMC 1,DUAC 1,DUAC 2,WESC 2,PETC 1,MERC 1,"1..4=FA + Next Fastest; Rest=FB"
123 (V),10:50,9,W Nov 2X,semi-final,1,WKOC 1,HWBC 4,OAMC 1,HAMC 1,WESC 1,NSHC 1,CLIC 2,WREC 2,HWBC 3,"1..4=FA + Next Fastest; Rest=FB"
124 (W),10:55,9,W Nov 2X,semi-final,2,HAMC 2,AWGC 1,CLIC 1,HWBC 1,WREC 1,HWBC 2,ROTC 1,HAMC 3,WELC 1,"1..4=FA + Next Fastest; Rest=FB"
125 (X),11:20,13,M Snr 2X,semi-final,1,DTAC 2,OAMC 1,DUAC 5,DUAC 2,DUAC 1,DUAC 4,DUAC 6,SGEC 1,SHAC 1,"1..4=FA + Next Fastest; Rest=FB"
126 (Y),11:25,13,M Snr 2X,semi-final,2,DTA* 1,DUAC 7,AVNC 1,TGAC 1,CLIC 1,DUAC 3,NELC 1,TGA* 2,WKOC 2,"1..4=FA + Next Fastest; Rest=FB"
127 (Z),11:35,18,W Int 2X,semi-final,1,WREC 4,PORC 1,UNWC 1,CLIC 2,DUAC 1,HWBC 1,WREC 2,UNWC 2,WREC 7,"1..4=FA + Next Fastest; Rest=FB"
128 (A),11:40,18,W Int 2X,semi-final,2,WREC 6,CLIC 1,HKIC 1,WREC 1,HAMC 1,WREC 3,DUAC 2,AWGC 1,STAC 1,"1..4=FA + Next Fastest; Rest=FB"
129 (B),12:05,21,M Clb 1X,semi-final,1,AWGC 1,SGEC 1,HWBC 1,TGBC 1,OTAC 1,AKLC 1,OAMC 1,CLIC 1,TAWC 1,"1..4=FA + Next Fastest; Rest=FB"
130 (C),12:10,21,M Clb 1X,semi-final,2,HWBC 2,HWBC 3,HAMC 2,HAMC 1,HKIC 2,WRAC 1,NELC 1,HKIC 1,WESC 1,"1..4=FA + Next Fastest; Rest=FB"
131 (D),12:50,26,M Int 2X,semi-final,1,AVNC 1,WKOC 11,WESC 1,HAMC 1,AWGC 1,TAWC 1,OAMC 1,ROTC 1,HAMC 2,"1..4=FA + Next Fastest; Rest=FB"
132 (E),12:55,26,M Int 2X,semi-final,2,HWBC 1,SHAC 11,BPCC 1,WKOC 1,AWGC 2,DUAC 1,TGBC 1,TAWC 2,PORC 1,"1..4=FA + Next Fastest; Rest=FB"
133 (F),13:35,41,M Clb 4X-,semi-final,1,AWGC 2,HAMC 1,DUAC 1,SHAC 1,WRAC 1,WKOC 1,HWBC 1,HKIC 1,NSHC 1,"1..4=FA + Next Fastest; Rest=FB"
134 (G),13:40,41,M Clb 4X-,semi-final,2,DUAC 2,AWGC 1,CTYC 1,CLIC 1,CAMC 21,NELC 1,SGE* 1,STAC 1,WELC 1,"1..4=FA + Next Fastest; Rest=FB"
135 (H),13:45,42,W Clb 1X,semi-final,1,ROTC 2,TAWC 1,HWBC 2,WKOC 2,DUAC 1,STAC 1,WHAC 1,OTAC 2,OTAC 1,"1..4=FA + Next Fastest; Rest=FB"
136 (I),13:50,42,W Clb 1X,semi-final,2,AKLC 1,PETC 1,ROTC 1,WREC 1,WKOC 1,WESC 1,HKIC 2,HWBC 3,HKIC 1,"1..4=FA + Next Fastest; Rest=FB"
137 (J),14:05,49,W Nov 4X+,semi-final,1,WELC 1,WREC 1,CLIC 1,AWGC 1,AVNC 1,HAMC 1,HAMC 2,ROT* 1,HWBC 2,"1..4=FA + Next Fastest; Rest=FB"
138 (K),14:10,49,W Nov 4X+,semi-final,2,CLIC 2,HWBC 4,NSHC 1,HWBC 1,OAMC 1,WES* 1,OAMC 2,NSHC 2,PETC 1,"1..4=FA + Next Fastest; Rest=FB"
139 (L),14:15,50,M Int 1X,semi-final,1,TAWC 2,TAWC 1,AWGC 3,BPCC 1,COMC 1,WESC 1,AWGC 1,HAMC 2,ROTC 1,"1..4=FA + Next Fastest; Rest=FB"
140 (M),14:20,50,M Int 1X,semi-final,2,AWGC 4,HAMC 1,WKOC 12,HWBC 1,DUAC 1,CTYC 1,AWGC 2,PORC 1,HAMC 3,"1..4=FA + Next Fastest; Rest=FB"
141 (N),14:25,51,W Int 1X,semi-final,1,HAMC 1,WREC 4,HWBC 2,WESC 1,DUAC 1,DUAC 2,WREC 1,ROTC 2,WREC 5,"1..4=FA + Next Fastest; Rest=FB"
142 (O),14:30,51,W Int 1X,semi-final,2,PORC 1,HKIC 1,HWBC 1,STAC 1,WKOC 1,WKOC 2,UNWC 1,ROTC 1,UNWC 2,"1..4=FA + Next Fastest; Rest=FB"
143 (P),14:35,52,M Nov 2X,semi-final,1, - - CANCELLED - -,,,,,,,,,"1..4=FA + Next Fastest; Rest=FB"
144 (Q),14:40,52,M Nov 2X,semi-final,2, - - CANCELLED - -,,,,,,,,,"1..4=FA + Next Fastest; Rest=FB"
145 (R),15:00,53,M Clb 2-,semi-final,1,WKOC 2,SKEC 2,NSHC 1,WRAC 1,SKEC 1,NELC 1,WKOC 1,NSHC 3,AVNC 2,"1..4=FA + Next Fastest; Rest=FB"
146 (S),15:05,53,M Clb 2-,semi-final,2,OAMC 1,WESC 1,WKOC 11,HAMC 1,AVNC 1,TGBC 1,WRAC 2,STAC 1,MERC 1,"1..4=FA + Next Fastest; Rest=FB"
147 (T),15:10,56,M Snr 1X,semi-final,1,AWGC 2,LHOC 1,OTAC 1,CLIC 1,DUAC 1,WKOC 1,SGEC 1,WKOC 5,SHAC 1,"1..4=FA + Next Fastest; Rest=FB"
148 (U),15:15,56,M Snr 1X,semi-final,2,OAMC 1,AVNC 1,DUAC 2,WKOC 6,TGAC 1,DUAC 5,DUAC 3,AWGC 1,TGAC 2,"1..4=FA + Next Fastest; Rest=FB"

DAY 3: Friday 20th February 2026
Race,Time,Event #,Event Type,Round,Division,lane_1,lane_2,lane_3,lane_4,lane_5,lane_6,lane_7,lane_8,lane_9,Progression
149 (A),08:25,1,M Clb 2X,final,B,HAMC 3,AKLC 1,CTYC 2,STAC 1,CLIC 3,MERC 1,HKIC 2,CLIC 2,HAMC 2,""
150 (B),08:30,1,M Clb 2X,final,A,HWBC 1,CLIC 1,HAMC 1,WKOC 1,CTYC 1,HKIC 1,TGBC 1,DUAC 1,NELC 1,"medals"
151 (C),08:40,2,W Clb 2X,final,B,PETC 1,TAWC 1,ROTC 2,WESC 2,HWBC 1,AKLC 1,HAMC 1,TAWC 2,MERC 1,""
152 (D),08:45,2,W Clb 2X,final,A,STAC 2,WKOC 1,DUAC 1,STAC 1,COMC 1,WESC 1,DUAC 2,AWGC 1,ROTC 1,"medals"
153 (E),08:55,3,W Int 4+,final,B,,,,WELC 1,MERC 2,WEL* 2,,,,""
154 (F),09:00,3,W Int 4+,final,A,AVNC 2,PORC 1,HAMC 2,STAC 1,AVNC 1,HAMC 1,AWGC 1,UNWC 1,MERC 1,"medals"
155 (G),09:10,4,M Snr 2-,final,B,HWBC 1,WKOC 2,,WKOC 3,AKLC 1,WKOC 1,AKLC 3,WKOC 4,,""
156 (H),09:15,4,M Snr 2-,final,A,AVNC 5,AVNC 1,AVN* 2,WRAC 1,NSHC 1,AVNC 4,AVNC 3,AKLC 2,SKEC 1,"medals"
157 (I),09:25,5,W Snr 2-,final,B,,,,WKOC 3,AVNC 5,WKOC 2,,,,""
158 (J),09:30,5,W Snr 2-,final,A,NEL* 1,NSHC 1,WKOC 1,AKLC 1,WKOC 4,AVNC 1,AVNC 2,AVNC 3,AVNC 4,"medals"
159 (K),09:40,6,W Prm 1X,final,B,,,,,CAMC 1,WKOC 4,,,,""
160 (L),09:45,6,W Prm 1X,final,A,WKOC 2,WKOC 3,NSHC 1,HKIC 1,WKOC 1,ASHC 1,AVNC 1,INVC 1,WESC 1,"medals"
161 (M),09:55,7,M Prm 1X,final,B,,,WKOC 9,SGEC 1,WKOC 6,LHOC 1,,,,""
162 (N),10:00,7,M Prm 1X,final,A,WKOC 7,DUAC 2,WKOC 3,WKOC 1,WKOC 2,AVNC 1,WKOC 4,WKOC 5,NSHC 1,"medals"
163 (O),10:10,8,M Int 4X+,final,B,,HAMC 2,PORC 1,WELC 1,WKOC 1,HWBC 2,MERC 2,,,""
164 (P),10:15,8,M Int 4X+,final,A,HAMC 1,NELC 1,HWBC 1,OAM* 1,AWGC 1,SHAC 1,AVNC 1,NSH* 1,MERC 1,"medals"
165 (Q),10:25,9,W Nov 2X,final,B,HWBC 3,WKOC 1,HAMC 3,AWGC 1,WREC 2,ROTC 1,HAMC 2,HWBC 4,,""
166 (R),10:30,9,W Nov 2X,final,A,HWBC 1,CLIC 1,WREC 1,HWBC 2,HAMC 1,NSHC 1,WESC 1,OAMC 1,CLIC 2,"medals"
167 (S),10:45,10,M Nov 8+,final,A,,,WKOC 2,HWBC 1,WKOC 1,CLIC 1,SHAC 1,,,""
168 (T),10:55,11,M Clb 4-,final,B,NSHC 3,WKOC 11,WKOC 2,CTYC 1,AKLC 1,NSHC 2,HWBC 1,AVNC 3,,""
169 (U),11:00,11,M Clb 4-,final,A,STAC 1,AWGC 1,AVNC 1,WRAC 1,SGE* 1,NSHC 1,WESC 1,AVNC 2,WKOC 1,"medals"
170 (V),11:15,12,W Clb 8+,final,A,AKLC 31,DUAC 2,NSHC 1,AVNC 1,DUAC 1,HAMC 1,WKOC 1,STAC 1,,""
171 (W),11:25,13,M Snr 2X,final,B,,CLIC 2,WKOC 2,DTAC 2,TGA* 2,DTA* 1,SHAC 1,WKOC 1,,""
172 (X),11:30,13,M Snr 2X,final,A,TGAC 1,AVNC 1,DUAC 1,CLIC 1,DUAC 2,DUAC 3,DUAC 5,SGEC 1,NELC 1,"medals"
173 (Y),11:40,14,W Snr 2X,final,B,,,,,WKOC 2,,,,,""
174 (Z),11:45,14,W Snr 2X,final,A,AVNC 1,WESC 1,DUAC 1,WKOC 1,DUAC 2,DUAC 3,STAC 1,NEL* 1,POR* 1,"medals"
175 (A),12:00,15,W Prm 2-,final,A,,,WKOC 3,WKOC 2,STA* 1,OGUC 1,WKO* 1,,,""
176 (B),12:10,16,M Prm 2-,final,B, - - CANCELLED - -,,,,,,,,,""
177 (C),12:15,16,M Prm 2-,final,A,STA* 1,AVNC 2,WKOC 1,AVNC 1,WRA* 1,WKOC 4,WKOC 3,NSHC 1,WKOC 2,"medals"
178 (D),12:30,17,M Int 8+,final,A,,WESC 21,MERC 1,AVN* 1,SHAC 1,WKOC 1,WEL* 1,WESC 22,,""
179 (E),12:40,18,W Int 2X,final,B,STAC 1,WREC 2,DUAC 2,AWGC 1,PORC 1,WREC 4,UNWC 1,WREC 6,WREC 7,""
180 (F),12:45,18,W Int 2X,final,A,UNWC 2,WREC 1,CLIC 2,DUAC 1,HKIC 1,CLIC 1,HWBC 1,WREC 3,HAMC 1,"medals"
181 (G),12:55,19,W Nov 4+,final,B,,HAMC 3,WELC 1,NSHC 2,PETC 1,PETC 2,HAMC 2,,,""
182 (H),13:00,19,W Nov 4+,final,A,HWBC 2,OAMC 2,NSHC 1,AVNC 1,OAMC 1,WES* 1,HAMC 1,AWGC 1,HWBC 1,"medals"
183 (I),13:15,20,Opn 1X (P) [1000m],final,A,,,,,CAMC 1,CAMC 2,ROTC 1,HWBC 1,,""
183 (I),13:15,20I,I 1X (P) [1000m],final,A,,PETC 1,,TGSC 1,,,,,,""
184 (J),13:25,21,M Clb 1X,final,B,HWBC 3,HWBC 1,HAMC 3,HKIC 2,HWBC 2,HKIC 1,AWGC 1,WESC 1,CLIC 1,""
185 (K),13:30,21,M Clb 1X,final,A,WRAC 1,NELC 1,HAMC 2,HAMC 1,TGBC 1,OTAC 1,SGEC 1,OAMC 1,TAWC 1,"medals"
186 (L),13:40,22,W Clb 4X-,final,B,,,WREC 1,TAWC 1,DUAC 3,HKIC 1,HAMC 2,,,""
187 (M),13:45,22,W Clb 4X-,final,A,DUAC 2,WKOC 1,WESC 1,COMC 1,DUAC 1,AWGC 1,HAMC 1,STAC 1,ROTC 1,"medals"
188 (N),14:00,23,M Nov 4X+,final,A,MERC 1,HWBC 1,WHAC 1,TGAC 1,AWGC 1,CLIC 1,CLIC 2,SHAC 1,HWBC 2,"medals"
189 (O),14:15,24,W Snr 8+,final,A,,AVNC 3,WKOC 3,AVNC 1,WKOC 1,DUAC 1,AVNC 2,,,""
190 (P),14:30,25,M Snr 8+,final,A,AKLC 1,NSHC 1,WKOC 1,AVNC 1,DUAC 1,KICC 1,WKOC 2,AVN* 2,AVNC 3,"medals"
191 (Q),14:40,26,M Int 2X,final,B,HWBC 1,TAWC 2,ROTC 1,AVNC 1,DUAC 1,TGBC 1,PORC 1,WKOC 11,NELC 1,""
192 (R),14:45,26,M Int 2X,final,A,BPCC 1,AWGC 2,SHAC 11,WKOC 1,AWGC 1,OAMC 1,WESC 1,HAMC 1,TAWC 1,"medals"
193 (S),14:50,27E,Mx Clb 8+ (E),final,A,,,SHA* 1,NSHC 1,WKO* 11,PETC 1,STAC 1,,,""
194 (T),15:00,28,W Prm 2X,final,A,,OGUC 1,HKI* 1,WKO* 1,ASH* 1,WKO* 2,WKOC 3,WKOC 4,,""
195 (U),15:15,29,M Prm 2X,final,A,,WKOC 5,DUAC 1,AVNC 1,WKOC 1,WKO* 3,,WKOC 2,,""

DAY 4: Saturday 21st February 2026
Race,Time,Event #,Event Type,Round,Division,lane_1,lane_2,lane_3,lane_4,lane_5,lane_6,lane_7,lane_8,lane_9,Progression
196 (A),08:30,30,W Int 8+,final,A,,WEL* 1,MERC 1,AVNC 1,CAMC 21,HAMC 1,PORC 1,UNWC 1,,""
197 (B),08:40,31,M Clb 8+,final,B, - - CANCELLED - -,,,,,,,,,""
198 (C),08:45,31,M Clb 8+,final,A,DUAC 1,KICC 1,NSHC 1,AVNC 1,SGE* 1,WKOC 1,WKOC 2,WKOC 3,AVNC 2,"medals"
199 (D),08:55,32,W Clb 2-,final,B,,WESC 1,AKLC 2,HAMC 3,MERC 1,HAMC 2,STAC 1,,,""
200 (E),09:00,32,W Clb 2-,final,A,DUAC 1,AVNC 1,HAMC 1,NSHC 1,AKLC 1,WELC 1,WKOC 1,NSHC 2,AVNC 2,"medals"
201 (F),09:15,33,M Nov 4+,final,A,TGAC 1,WELC 1,WES* 1,WKOC 1,TGBC 1,WKOC 11,AWGC 1,WKOC 3,MERC 1,"medals"
202 (G),09:30,34,W Snr 4X-,final,A,STA* 1,AVNC 1,WKOC 2,DUAC 2,DUAC 1,WKOC 1,AWGC 1,WREC 1,,""
203 (H),09:40,35,M Snr 4X-,final,B, - - CANCELLED - -,,,,,,,,,""
204 (I),09:45,35,M Snr 4X-,final,A,NEL* 1,CLIC 1,DUAC 3,AVNC 1,DUAC 1,DUAC 2,TGA* 1,AVNC 2,SGE* 1,"medals"
205 (J),10:00,36,W Prm 4-,final,A,,,,WKOC 1,RWKX 1,,,,,""
206 (K),10:15,37,M Prm 4-,final,A,,,,AVNC 1,WKOC 1,AVNC 2,,,,""
207 (L),10:30,38,W Nov 8+,final,A,CLIC 1,HWBC 1,HAMC 1,OAMC 1,CAMC 21,NSHC 1,PETC 1,HWBC 2,,""
208 (M),10:40,39,W Int 4X+,final,B,WEL* 2,PORC 1,UNW* 2,CLIC 2,STAC 1,WREC 3,HAMC 2,WELC 1,,""
209 (N),10:45,39,W Int 4X+,final,A,WREC 1,DUAC 1,WESC 1,HAMC 1,CLIC 1,AWGC 1,HAMC 3,WREC 2,UNWC 1,"medals"
210 (O),11:00,40,M Int 4+,final,A,HAMC 1,MERC 1,ROT* 1,HWBC 1,AVNC 1,AKL* 1,WELC 1,PETC 1,MERC 2,"medals"
211 (P),11:10,41,M Clb 4X-,final,B,NSHC 1,HKIC 1,AWGC 2,HWBC 1,NELC 1,STAC 1,HAMC 1,DUAC 2,WELC 1,""
212 (Q),11:15,41,M Clb 4X-,final,A,AWGC 1,SGE* 1,CTYC 1,CLIC 1,DUAC 1,WRAC 1,SHAC 1,WKOC 1,CAMC 21,"medals"
213 (R),11:25,42,W Clb 1X,final,B,HKIC 1,HWBC 3,OTAC 1,HKIC 2,PETC 1,AKLC 1,WHAC 1,OTAC 2,MERC 1,""
214 (S),11:30,42,W Clb 1X,final,A,ROTC 1,WESC 1,WREC 1,WKOC 1,DUAC 1,STAC 1,WKOC 2,TAWC 1,ROTC 2,"medals"
215 (T),11:45,43,W Prm 4X-,final,A,,,STA* 1,DUAC 1,WKOC 1,WKO* 2,AVN* 1,,,"medals"
216 (U),12:00,44,M Prm 4X-,final,A,,WKOC 2,DUAC 1,DUA* 2,STA* 1,AVN* 1,,,,"medals"
217 (V),12:15,45,W Snr 4-,final,A,,AVNC 3,AVNC 2,AVNC 1,AKL* 1,WKOC 1,WKOC 2,AVNC 4,,""
218 (W),12:30,46,M Snr 4-,final,A,NSHC 2,AKLC 1,AVNC 1,AVN* 2,NSHC 1,DTA* 1,WKOC 1,AVNC 3,WKOC 2,"medals"
219 (X),12:35,47E,Mx Clb 4X- (E),final,A, - - REMOVED - -,,,,,,,,,""
220 (Y),12:40,48,Opn 2X (P) [1000m],final,A, - - REMOVED - -,,,,,,,,,""
221 (Z),12:45,48I,I 2X (P) [1000m],final,A,,,CAMC 2,CAMC 1,PETC 1,TGSC 1,,,,""
222 (A),12:55,49,W Nov 4X+,final,B,CLIC 2,HWBC 2,,ROT* 1,WES* 1,HWBC 4,WELC 1,PETC 1,HAMC 2,""
223 (B),13:00,49,W Nov 4X+,final,A,HWBC 1,NSHC 1,OAMC 2,OAMC 1,HAMC 1,AVNC 1,AWGC 1,CLIC 1,WREC 1,"medals"
224 (C),13:10,50,M Int 1X,final,B,AWGC 3,HWBC 2,PORC 1,TAWC 2,ROTC 1,HAMC 2,AWGC 2,WKOC 12,HAMC 3,""
225 (D),13:15,50,M Int 1X,final,A,AWGC 4,DUAC 1,HWBC 1,HAMC 1,WESC 1,AWGC 1,TAWC 1,BPCC 1,CTYC 1,"medals"
226 (E),13:25,51,W Int 1X,final,B,PORC 1,DUAC 2,HWBC 1,ROTC 1,HAMC 1,UNWC 1,WREC 1,WREC 5,WREC 2,""
227 (F),13:30,51,W Int 1X,final,A,WKOC 2,HKIC 1,STAC 1,WKOC 1,DUAC 1,HWBC 2,ROTC 2,WESC 1,WREC 4,"medals"
228 (G),13:40,52,M Nov 2X,final,B,AWGC 2,WESC 1,MERC 1,WHAC 1,CLIC 3,TGAC 2,NSHC 1,MERC 2,HWBC 3,""
229 (H),13:45,52,M Nov 2X,final,A,TGAC 1,UNWC 1,CLIC 2,CLIC 1,AWGC 1,HWBC 1,WHAC 2,HAMC 1,HWBC 2,"medals"
230 (I),13:55,53,M Clb 2-,final,B,AVNC 2,WKOC 2,NSHC 3,SKEC 2,NSHC 1,,STAC 1,OAMC 1,MERC 1,""
231 (J),14:00,53,M Clb 2-,final,A,TGBC 1,WESC 1,HAMC 1,AVNC 1,SKEC 1,WRAC 1,WKOC 1,NELC 1,WKOC 11,"medals"
232 (K),14:15,54,W Clb 4-,final,A,AKLC 1,WKOC 1,AVNC 2,HAMC 1,AVNC 1,NSHC 1,STAC 1,DUAC 1,NSHC 2,"medals"
233 (L),14:25,55,W Snr 1X,final,B,,HWBC 1,,NSHC 2,WREC 1,STAC 1,WKOC 5,,,""
234 (M),14:30,55,W Snr 1X,final,A,WKOC 4,DUAC 2,DUAC 3,WKOC 3,WESC 1,PORC 1,WKOC 1,NELC 1,NSHC 1,"medals"
235 (N),14:40,56,M Snr 1X,final,B,WKOC 5,OAMC 1,LHOC 1,AWGC 2,SGEC 1,WKOC 6,SHAC 1,AWGC 1,TGAC 2,""
236 (O),14:45,56,M Snr 1X,final,A,DUAC 3,DUAC 5,DUAC 2,TGAC 1,WKOC 1,OTAC 1,CLIC 1,DUAC 1,AVNC 1,"medals"
237 (P),14:50,57E,Mx Int 8+ (E),final,A,,MERC 2,PETC 1,HWBC 1,WEL* 2,WELC 1,NSH* 1,MERC 1,,""
238 (Q),15:00,58,M Prm 8+,final,A,,,AVN* 2,AVNC 1,WKOC 1,RCAX 1,RAUX 1,,,"medals"
239 (R),15:15,59,W Prm 8+,final,A,,,WKO* 3,WKOC 1,AVNC 1,AVN* 2,DUA* 1,,,"medals"
